SLN,name,tot_pop,bp_pop,bp_u18,rohh,thh,med_rent,mhi,per_as,per_bl,per_wh,per_his,tot_mf,tot_units,MAR,IncomeNeed,moymPerGr1t3_24,moymPerGrkt5_24,moymPerGr1t3_23,moymPerGrkt5_23,moymGr1t3_24,moymGrkt5_24,moymGr1t3_23,moymGrkt5_23,moymPerGr1t3_22,moymPerGrkt5_22,moymGr1t3_22,moymGrkt5_22
101,John Adams Elementary,7020.7559,0.182031353632449,608.9294,840.1173,1940.7051,1345.83333333333,59279.8333333333,0.00832594108563153,0.164496802972455,0.0844159814757269,0.736478119115351,4,64,861,41328,0.0444444444444444,0.0571428571428571,0.0808080808080808,0.0700280112044818,8,20,16,25,0.0516431924882629,0.0501193317422434,11,21
103,Allen Charter,2333.9238,0.188525092378766,192.9364,206.4458,641.1759,1095.8,60417.8,5.17583307561284e-05,0.145947481233106,0.038396497777691,0.813499009693461,1,282,1111,53328,0.105960264900662,0.0884353741496599,0.0344827586206897,0.0687285223367698,16,26,5,20,0.10126582278481,0.0807017543859649,16,23
104,Anderson Elementary,5891.6909,0.270466072821302,841.1623,355.4354,1461.3571,1112.2,53316.2,0.00125154223552359,0.0985015014959458,0.0552500132007944,0.844988252863028,2,344,1019,48912,0.0602409638554217,0.0870445344129555,0.0368852459016393,0.0472103004291846,15,43,9,22,0.0289256198347107,0.036117381489842,7,16
105,Arcadia Park Elementary,4761.0683,0.326896171600815,809.6821,986.8369,1392.6339,1298.5,51569.25,0.00595733944837548,0.144237481323257,0.040158634145198,0.798622275593064,4,948,1481,71088,0.0922330097087379,0.0805687203791469,0.08,0.0798226164079823,19,34,18,36,0.0845070422535211,0.0591016548463357,18,25
107,May Elementary,16313.6084,0.173550702614634,1378.9947,5906.7003,6409.401,1451.07142857143,76228,0.0774460357893598,0.0921791711023295,0.155775910374311,0.660709693141831,26,3693,1146.73684210526,55043.3684210526,0.131868131868132,0.115241635687732,0.120805369127517,0.125454545454545,36,62,36,69,0.149659863945578,0.123655913978495,44,69
108,Bayles Elementary,8419.5094,0.128958570911507,492.0813,1437.173,2914.5727,1298.5,65977.875,0.00575043006662597,0.134759395838432,0.220304178293334,0.612789398394163,14,1420,1200.91666666667,57644,0.120689655172414,0.113496932515337,0.119760479041916,0.071875,21,37,20,23,0.111111111111111,0.117647058823529,19,40
109,Blair Elementary,4314.1759,0.215910946051133,138.5842,618.3951,1232.0506,1301.2,47245.4,0.0292123462096202,0.288118247566123,0.0704036198431316,0.611539274511269,2,540,1144,54912,0.104575163398693,0.090032154340836,0.103030303030303,0.104651162790698,16,28,17,36,0.0591715976331361,0.0682492581602374,10,23
110,Blanton Elementary,9693.4343,0.215417140651585,845.0758,1772.4279,3088.4337,1376,55683.5,0.0061971741016494,0.261143741387921,0.0486371997177512,0.683844589527986,7,455,899.833333333333,43192,0.0782312925170068,0.0666666666666667,0.054945054945055,0.0499040307101727,23,38,15,26,0.0411985018726592,0.0532319391634981,11,28
112,Bowie Elementary,3634.4421,0.209735546481811,224.657,1076.6944,1405.0476,1303,57453.75,0.0308557398672,0.0732167668870003,0.0866236663943553,0.791055634095808,71,1692,1294.19444444444,62121.3333333333,0.135483870967742,0.118320610687023,0.101351351351351,0.108208955223881,21,31,15,29,0.0839160839160839,0.0886524822695036,12,25
114,Bryan Elementary,5618.7668,0.262219318303084,577.8769,748.2802,1915.1076,1244.16666666667,42693.5,0.0033663258635329,0.528170434124442,0.0272574579888242,0.430863708385263,3,169,706.5,33912,0.11,0.113636363636364,0.144385026737968,0.142011834319527,22,40,27,48,0.0813953488372093,0.0914826498422713,14,29
115,Budd Elementary,2968.356,0.239991261156007,286.3254,345.7835,1009.2283,1246,53255.4,0.0123947060258271,0.243689907814292,0.0868724640844966,0.61999817407346,4,411,848,40704,0.170588235294118,0.151098901098901,0.0654761904761905,0.0729483282674772,29,55,11,24,0.0864864864864865,0.0718562874251497,16,24
116,Burnet Elementary,2447.1307,0.206410062200601,276.7559,588.6296,728.9379,1325,67928,0,0.0329119731937489,0.150193816783059,0.801695920859478,8,1528,1249,59952,0.0829875518672199,0.0765957446808511,0.0560344827586207,0.0681318681318681,20,36,13,31,0.114035087719298,0.102844638949672,26,47
117,Burleson Elementary,5532.5398,0.301470547035197,890.6538,946.8813,1572.7058,1184.6,40772.6,2.85583124047296e-06,0.343922948371741,0.0195768135278485,0.623382591843262,2,466,1380,66240,0.15929203539823,0.156908665105386,0.108695652173913,0.145021645021645,36,67,25,67,0.107296137339056,0.0946236559139785,25,44
118,Black STEAM Academy,13483.4719,0.401567425671722,2204.7525,2560.7006,4721.9427,1132.72727272727,32680.7272727273,0,0.610989688790763,0.0231809138119686,0.361383101929407,11,1607,1038.45454545455,49845.8181818182,0.229381443298969,0.222070844686649,,,89,163,,,,,,
119,Chapel Hill Elementary,7062.7296,0.0524498630104712,41.3513,880.7299,2422.3906,1905.88888888889,105197.3,0.0594680702486472,0.0657101186487445,0.319275170891436,0.543995213975062,6,1078,1351.6,64876.8,0.0743243243243243,0.0598006644518272,0.0933333333333333,0.0952380952380952,11,18,14,28,0.101694915254237,0.101538461538462,18,33
120,Caillet Elementary,8164.6265,0.177865233639285,628.0892,981.3448,2499.5305,1662,98587.4285714286,0.00600216066221768,0.0336880811388004,0.262636349623587,0.674936679589691,4,824,1476.75,70884,0.0829694323144105,0.0648769574944072,0.0294117647058824,0.0286343612334802,19,29,7,13,0.0503875968992248,0.0506072874493927,13,25
121,Carpenter Elementary,7357.397,0.202105663184955,482.7732,1056.2204,2545.7896,1218,54949.2,0.00498655978466297,0.370697911231377,0.0665068773643722,0.535457050910804,14,1568,1125.76923076923,54036.9230769231,0.263157894736842,0.202380952380952,0.197530864197531,0.175675675675676,25,34,16,26,0.306818181818182,0.30625,27,49
122,Carr Elementary,6348.493,0.17436579043247,182.7073,802.8842,1976.8992,1141.5,55226.5,0.0349597613165833,0.371820430454913,0.0368708290298186,0.534680450935364,3,597,1280,61440,0.0396039603960396,0.0531914893617021,0.1,0.0703517587939699,4,10,10,14,0.157894736842105,0.133640552995392,18,29
125,Casa View Elementary,6313.2541,0.178369123460435,275.6706,953.7118,2266.4793,1418.8,75420.2,0.0706483364894184,0.0634392808615132,0.223286751597722,0.62312730292291,4,666,1289.75,61908,0.0669642857142857,0.0777777777777778,0.0617283950617284,0.0675944333996024,15,35,15,34,0.100358422939068,0.0914179104477612,28,49
126,Central Elementary,3317.2302,0.124339727764446,173.9372,98.0498,1122.313,1004.66666666667,67931.6666666667,0.00276447501291891,0.275394423938381,0.158218775410883,0.491977795209992,3,197,917,44016,0.0547445255474453,0.0504032258064516,0.0666666666666667,0.0777537796976242,15,25,17,36,0.0705394190871369,0.0677570093457944,17,29
129,Conner Elementary,9418.5826,0.249599509803099,923.4509,3091.8539,4081.7919,1236,66417.1428571429,0.0315665013119915,0.337151706882095,0.148422704282489,0.459951850929247,20,3541,1124.94117647059,53997.1764705882,0.213114754098361,0.195171026156942,0.183520599250936,0.199203187250996,52,97,49,100,0.161290322580645,0.156424581005587,45,84
130,Cowart Elementary,5829.7119,0.16498180639081,357.5727,505.4689,1786.5288,1441,66319,0.00091944509298993,0.00101627663624338,0.0937419223066581,0.899802561426749,0,0,,,0.037037037037037,0.0424107142857143,0.0368852459016393,0.0376940133037694,9,19,9,17,0.0327868852459016,0.0280172413793103,8,13
131,Zaragoza Elementary,7437.9745,0.190466544352901,393.4886,3288.1285,4006.2826,1509.09090909091,72193.1818181818,0.0576429107144694,0.211737765436007,0.383098153939624,0.304639172936127,97,3996,1403.01587301587,67344.7619047619,0.116071428571429,0.0972222222222222,0.0891089108910891,0.0579710144927536,13,21,9,12,0.0769230769230769,0.0822510822510823,8,19
133,Jordan Elementary,2805.5782,0.261703273856348,313.321,200.264,833.1964,1186.5,57014.5,4.52669613700306e-06,0.0427039246312935,0.0563232919331922,0.799125577750782,1,66,1096,52608,0.0681818181818182,0.0641330166270784,0.0355329949238579,0.0376884422110553,15,27,7,15,0.0662983425414365,0.0489130434782609,12,18
135,DeGolyer Elementary,6980.0606,0.0192135294641998,28.3789,392.546,2515.8896,2086.33333333333,142451.5,0.0330247276076658,0.00876334798583267,0.618238300108741,0.306113989898598,3,143,2196.5,105432,0.00543478260869565,0.0140845070422535,0.0344827586206897,0.0314285714285714,1,5,6,11,0.0207253886010363,0.0177514792899408,4,6
136,Donald Elementary,3769.185,0.123852424330459,159.7196,271.6433,1009.3426,1283.75,64374.25,0.00161886455560022,0.0118561174365281,0.0578596433977106,0.927314499022998,5,37,,,0.0425531914893617,0.039426523297491,0.0699300699300699,0.0588235294117647,6,11,10,17,0.0689655172413793,0.0586206896551724,10,17
137,Dorsey Elementary,4204.3178,0.113078083678641,156.2639,256.6784,1258.8913,1370.33333333333,58839,0.00234749142893052,0.125286675522007,0.0989605971270773,0.767993846706831,2,199,1078,51744,0.0353535353535354,0.04,0.050561797752809,0.0608695652173913,7,15,9,21,0.0402298850574713,0.061046511627907,7,21
139,Dunbar Learning Center,22803.8078,0.16757815771452,405.9067,6453.1345,8683.1445,1309.78571428571,53743.7142857143,0.00936755834260276,0.503314915678249,0.208063251611865,0.238376215396799,97,6246,1205.76595744681,57876.7659574468,0.231292517006803,0.210622710622711,0.185053380782918,0.16789667896679,68,115,52,91,0.145161290322581,0.150326797385621,36,69
141,Stone Elementary at Vickery Meadow,5214.7381,0.243371781221381,528.5158,2275.6345,2351.9766,1152.42857142857,49297,0.125929469017821,0.355757367757357,0.117520456108812,0.375114428086043,15,3000,1060.57142857143,50907.4285714286,0.15695067264574,0.154613466334165,0.129943502824859,0.143695014662757,35,62,23,49,0.136363636363636,0.129129129129129,21,43
142,Ervin Elementary,11459.0944,0.311774288202042,1413.8663,1344.1315,3708.2798,1176.72727272727,45842.5454545455,0.00901047642996989,0.661623120933536,0.0167027596875369,0.289906451944405,7,1518,1060.71428571429,50914.2857142857,0.148036253776435,0.148148148148148,0.175862068965517,0.173913043478261,49,92,51,96,0.166051660516605,0.175337186897881,45,91
145,Foster Elementary,7037.6309,0.249227165351908,743.9435,1732.0573,2367.1859,1168,56816.3333333333,0.0086776787341888,0.036270629083432,0.119381168455424,0.830054500300662,16,2309,1127.7,54129.6,0.120331950207469,0.112798264642082,0.0619469026548673,0.0774336283185841,29,52,14,35,0.0562248995983936,0.0759493670886076,14,36
147,Gill Elementary,6388.4919,0.111063285530659,287.4381,1045.8849,1908.4261,1307.75,66876,0.0447002053802401,0.187753623042083,0.128917076657795,0.626400747256172,6,1342,1018.6,48892.8,0.123552123552124,0.0967153284671533,0.0974729241877256,0.103448275862069,32,53,27,54,0.126811594202899,0.117760617760618,35,61
148,Gooch Elementary,3660.6425,0.0308430282388952,8.8101,140.7748,1405.982,2113.4,147896.333333333,0.022917834779004,0.0422661049255697,0.603070827047438,0.246644899085338,6,1258,1660,79680,0.078125,0.0905511811023622,0.0317460317460317,0.033457249070632,10,23,4,9,0.0434782608695652,0.03886925795053,6,11
149,Hall Elementary,2764.9522,0.0852243304603964,46.111,163.2276,769.5882,1218,56095,5.61311692838668e-05,0.00199424785716006,0.0528892687548089,0.939491539853745,1,322,1317,63216,0.06,0.0575916230366492,0.0353535353535354,0.032171581769437,12,22,7,12,0.0648648648648649,0.0494791666666667,12,19
152,Henderson Elementary,3709.5335,0.0727114339309781,63.6519,425.7293,1426.2921,1395.25,65405.25,0.00391569452061829,0.109923983703072,0.197895476614512,0.677665992233255,1,40,1197,57456,0.0486111111111111,0.0590277777777778,0.020979020979021,0.024390243902439,7,17,3,7,0.0217391304347826,0.0177304964539007,3,5
153,Hexter Elementary,7873.7995,0.0246510468040239,46.5841,897.7231,3257.4937,1816.90909090909,129828.181818182,0.00397931138581824,0.0592425296072119,0.655104247955514,0.227128414941224,3,719,1002.66666666667,48128,0.055793991416309,0.0683371298405467,0.0570175438596491,0.0589569160997732,13,30,13,26,0.0697674418604651,0.08,15,32
154,Smith Elementary,5711.4133,0.178195018735555,354.3244,678.6453,1858.5705,1523.11111111111,67371.4444444444,0.0123158133206714,0.117363350328718,0.190352097264612,0.670107204463736,8,1870,1110.5,53304,0.123745819397993,0.0923344947735192,0.0946372239747634,0.0946372239747634,37,53,30,60,0.0917721518987342,0.0913539967373573,29,56
155,Tatum Jr Elementary,7177.7476,0.244244183230962,1047.6352,1277.8217,2168.8329,1459.33333333333,60003.6666666667,0.0108082652558025,0.353661056568777,0.0473336510188795,0.588192555001516,5,676,1382,66336,0.126315789473684,0.153623188405797,0.124293785310734,0.0985074626865672,24,53,22,33,0.111111111111111,0.117088607594937,17,37
156,Hawthorne Elementary,2729.6002,0.280438651784976,358.9949,226.4783,816.224,1321.25,62071,2.50952502128334e-05,0.0904443808291046,0.0643665691407848,0.842775986021689,2,104,988,47424,0.04,0.0353260869565217,0.041025641025641,0.0402298850574713,8,13,8,14,0.0348837209302326,0.0451807228915663,6,15
157,Hogg Elementary,3141.9652,0.107176966823184,77.0541,1352.0114,1762.6167,1610,66059,0.029640366481462,0.181493671540347,0.295502095312832,0.436815022648882,39,4414,1573.65,75535.2,0.0714285714285714,0.0749063670411985,0.0942028985507246,0.105839416058394,10,20,13,29,0.0833333333333333,0.0833333333333333,12,22
158,Hooe Elementary,3253.5848,0.163339833650563,167.9068,298.2671,1169.9891,1529.66666666667,72925.6666666667,0.00295744558432902,0.0547568946105231,0.241073876420864,0.685205438628801,1,3,,,0.0575539568345324,0.060377358490566,0.0328947368421053,0.0442176870748299,8,16,5,13,0.106666666666667,0.102990033222591,16,31
159,Hotchkiss Elementary,9213.5374,0.192477940123193,606.7638,3172.5494,4152.8758,1740.5,111500.769230769,0.055097046656586,0.177206737121401,0.285899474397315,0.433163292960639,9,3104,1199.71428571429,57586.2857142857,0.111764705882353,0.109144542772861,0.149484536082474,0.153225806451613,19,37,29,57,0.177339901477833,0.150537634408602,36,56
161,Mendez Elementary,5293.653,0.380933279910867,1124.116,623.7817,1396.771,1225.5,50078.5,2.73535118376667e-05,0.344106234390505,0.0243898306141336,0.614006263727524,2,376,1171,56208,0.0738636363636364,0.0718232044198895,0.0862068965517242,0.0903954802259887,13,26,15,32,0.0824175824175824,0.0728291316526611,15,26
162,Mockingbird Elementary,16404.1741,0.116395155791476,45.2905,5067.2882,8814.0757,1925.07692307692,148868.615384615,0.0654396005221622,0.0732144570448079,0.738382312097017,0.0880110873731827,40,6422,2003.72727272727,96178.9090909091,0.0524861878453039,0.0391849529780564,0.0359116022099448,0.0307692307692308,19,25,13,20,0.032345013477089,0.0360902255639098,12,24
163,Cedar Crest Elementary,10670.2653,0.339253317347227,1329.7686,1146.5439,3768.829,1218.9,51177.7272727273,0.00636620534636566,0.37137936954576,0.0575267327233185,0.541993421663096,12,969,1237.88888888889,59418.6666666667,0.18716577540107,0.172701949860724,0.153333333333333,0.133333333333333,35,62,23,36,0.186567164179104,0.194244604316547,25,54
164,Jones Elementary,2587.6332,0.233232940433752,350.932,293.6978,744.3805,1239.8,53063.8,2.23370143805544e-05,0.0111300550634456,0.0531403755369965,0.931033424675491,9,382,1142.6,54844.8,0.0848484848484849,0.0727272727272727,0.0747126436781609,0.068421052631579,14,28,13,26,0.0894736842105263,0.0797872340425532,17,30
166,Kiest Elementary,5832.4311,0.155904662122798,277.6321,535.9868,1824.2208,1642,66859.75,0.0160826246194319,0.0913140491278157,0.166973819887902,0.711365008666798,0,0,,,0.0748898678414097,0.0701754385964912,0.079295154185022,0.0679824561403509,17,32,18,31,0.101769911504425,0.0769230769230769,23,37
167,Kleberg Elementary,8951.1518,0.126238413250907,324.6918,707.0237,2668.1056,1342.14285714286,66944,0.0155040382624279,0.180932156686249,0.153267839787948,0.644902983323331,5,684,1333.5,64008,0.0637119113573407,0.0763473053892216,0.0954907161803713,0.0932568149210904,23,51,36,65,0.0769230769230769,0.0816618911174785,28,57
168,Knight Elementary,4942.5926,0.187712740070869,228.2122,1358.4678,2250.4073,1427.2,61331.6,0.0519913172694023,0.119549950364107,0.191034215524864,0.608477057162267,9,1464,1689.14285714286,81078.8571428572,0.106870229007634,0.0859375,0.0703125,0.0676691729323308,14,22,9,18,0.0625,0.0543478260869565,9,15
169,Kramer Elementary,12723.1201,0.0605487564327873,61.2124,4897.1522,7171.8185,1898.09090909091,119121.454545455,0.029110697461702,0.181152176658303,0.553875412997163,0.198377330415988,20,5472,1641,78768,0.114093959731544,0.0876623376623377,0.112582781456954,0.101226993865031,17,27,17,33,0.0883977900552486,0.0826210826210826,16,29
170,Lagow Elementary,5301.2442,0.0872534413713671,205.0073,522.0847,1532.2211,1280.83333333333,60454.5,0.00174740111010166,0.181466909221047,0.0978938491458288,0.713766553142374,5,523,1409.33333333333,67648,0.0496894409937888,0.0757575757575758,0.0895522388059701,0.0647887323943662,8,25,18,23,0.0659340659340659,0.0696378830083566,12,25
171,Lakewood Elementary,17361.835,0.0321787990727939,63.3872,1850.8781,7120.0066,1776.09090909091,138927.5,0.0260087197004234,0.0301847414170219,0.783106163605402,0.119841514448214,10,1218,1674.88888888889,80394.6666666667,0.00522648083623693,0.00749063670411985,0.0189328743545611,0.0157068062827225,3,8,11,15,0.0091743119266055,0.00834202294056309,5,8
172,Brashear Elementary,7590.5152,0.225910080517328,920.6457,1052.3681,2268.315,1294.57142857143,65151.375,0.000980012529320803,0.159601458936542,0.0258946718135812,0.811040085921968,2,530,1298.5,62328,0.03584229390681,0.0386847195357834,0.0427046263345196,0.0358490566037736,10,20,12,19,0.0510948905109489,0.043956043956044,14,24
173,Moroles Elementary,6091.6562,0.0719913576212656,78.597,2652.3626,3432.3427,1344,66860.8571428571,0.0330883413939217,0.22553149010609,0.293658381443129,0.428570115299678,21,5388,1750.88888888889,84042.6666666667,0.087248322147651,0.0654761904761905,0.0846153846153846,0.0644171779141104,13,22,11,21,0.037593984962406,0.0520231213872832,5,18
174,Geneva Heights Elementary,13371.8537,0.0613434022240312,17.1066,3529.2924,7034.2155,1766.64285714286,132696.5,0.0456023236329605,0.0221653860900378,0.744920833227483,0.135491124914117,109,4232,1748.19047619048,83913.1428571429,0.0748299319727891,0.06,0.149350649350649,0.12,11,18,23,30,0.0786516853932584,0.0953947368421053,14,29
175,Umphrey Lee Elementary,8727.0212,0.329046272971126,1289.8875,1504.1018,2726.3206,1403.25,55580.5,0.00212601752359671,0.531078004027308,0.0288667684226549,0.434816292184554,8,1504,1260.42857142857,60500.5714285714,0.171875,0.163636363636364,0.184210526315789,0.183206106870229,33,63,35,72,0.148809523809524,0.127906976744186,25,44
176,Lowe Sr Elementary,3256.6677,0.262487327153458,482.6953,1294.7603,1373.4492,1075.83333333333,43851.5,0.177104160796019,0.314926389327348,0.101935791606862,0.363852535522737,11,2130,902.25,43308,0.0855855855855856,0.075,0.108786610878661,0.116379310344828,19,33,26,54,0.128,0.115546218487395,32,55
177,Lipscomb Elementary,6865.3705,0.180835819421545,361.2285,2198.2681,3338.7394,1396.75,90531.5,0.020263859029895,0.212704645728879,0.45911621230056,0.282771978584404,100,2206,1123.97368421053,53950.7368421053,0.0822784810126582,0.0879478827361564,0.0509554140127389,0.0474683544303798,13,27,8,15,0.0655737704918033,0.0619469026548673,12,21
178,Holland at Lisbon Elementary,4426.7925,0.257854710831827,451.2643,574.5696,1557.2884,1191.8,38302.4,0.00647486865490081,0.466052068173514,0.014196283200534,0.505438282910256,1,193,1474,70752,0.107594936708861,0.0841750841750842,0.0941176470588235,0.0939597315436242,17,25,16,28,0.0670731707317073,0.086687306501548,11,28
180,Macon Elementary,3779.2155,0.208580272810587,334.7857,334.2467,1067.6656,1238.5,51737.3333333333,0.0109801624173059,0.157447385575128,0.0712727813484042,0.757797087781842,1,39,,,0.0450450450450451,0.0446009389671362,0.0639269406392694,0.0491803278688525,10,19,14,21,0.0363636363636364,0.0376470588235294,8,16
181,Maple Lawn Elementary,22413.2485,0.139180752848031,526.0062,10267.3488,12714.0172,1565.68421052632,81521.5263157895,0.101104041210269,0.18515364696019,0.344335935953238,0.339601539687565,81,11571,1496.88333333333,71850.4,0.213675213675214,0.197396963123644,0.187214611872146,0.196902654867257,50,91,41,89,0.257936507936508,0.243243243243243,65,117
182,Marcus Elementary,6342.8686,0.14141793824958,401.4967,1146.3529,1897.1689,1465.25,74171.25,0.0127964656244022,0.0195691583457996,0.212784701231238,0.746090688367721,5,1325,1403.6,67372.8,0.114695340501792,0.124149659863946,0.0851063829787234,0.0854092526690392,32,73,24,48,0.0716723549488055,0.0755711775043937,21,43
183,Marsalis Elementary,5693.6472,0.122893669983627,301.6871,637.4537,1905.3243,1320.6,52830.4,8.43044858838461e-07,0.571416507858091,0.0675813211608896,0.342015940151684,3,420,1418,68064,0.0974358974358974,0.0887573964497041,0.139175257731959,0.131506849315068,19,30,27,48,0.0710659898477157,0.078740157480315,14,30
184,Milam Elementary,44367.0832,0.0956251773612199,174.9229,23131.386,29952.2757,1936.59375,116411.3125,0.0657879195448215,0.0822512172718174,0.675264239592834,0.134205216357338,258,36070,2400.3918128655,115218.807017544,0.185714285714286,0.159533073929961,0.150943396226415,0.140684410646388,26,41,24,37,0.202898550724638,0.183823529411765,28,50
185,Miller Elementary,8016.2707,0.205214614321844,524.1203,960.8624,2898.925,1153.5,41227.375,0.00158694740685341,0.467193891044623,0.0371912465480987,0.483064001319217,4,188,1165.5,55944,0.185185185185185,0.142857142857143,0.144329896907216,0.1,20,31,14,19,0.058252427184466,0.0704225352112676,6,15
187,Moseley Elementary,6733.2366,0.218347369525081,575.8132,612.6389,1888.949,1343.28571428571,54838.7142857143,0.028237564086193,0.156958824230237,0.0530218854926322,0.760095523748564,2,73,917,44016,0.0597609561752988,0.0538922155688623,0.0683453237410072,0.0639853747714808,15,27,19,35,0.0503597122302158,0.050185873605948,14,27
188,Mount Auburn Elementary,7749.6952,0.0864285862494308,106.8161,2064.1827,3431.4066,1422.2,89301.7272727273,0.0290308449808452,0.103302243422425,0.277849559812365,0.574246223257916,21,2421,1675.7,80433.6,0.0723404255319149,0.0891304347826087,0.076555023923445,0.0763723150357995,17,41,16,32,0.102222222222222,0.0944700460829493,23,41
189,Oliver Elementary,10162.3752,0.276037741649216,1097.3843,1966.5905,3216.8552,1383.57142857143,52695.2857142857,0.00403889830794675,0.637235486050545,0.0536457067635133,0.291279099791553,5,940,1364.25,65484,0.092436974789916,0.088785046728972,0.158415841584158,0.120418848167539,11,19,16,23,0.1,0.147540983606557,8,27
190,Peabody Elementary,2921.0042,0.2085636165809,308.3198,399.2419,1036.4293,1224.66666666667,56611,0.00301677073932314,0.027777159649411,0.157527811839504,0.793808204726306,3,165,1156,55488,0.0900900900900901,0.0657894736842105,0.0196078431372549,0.018348623853211,10,15,2,4,0.100719424460432,0.0909090909090909,14,25
192,Peeler Elementary,2046.7396,0.18266759484206,82.5609,187.9993,717.0921,1243,60904.25,0.00199546635048249,0.0223349858477356,0.106142325091086,0.865222620405644,3,390,1210,58080,0.0642857142857143,0.0547945205479452,0.072992700729927,0.0760456273764259,9,16,10,20,0.0150375939849624,0.0276679841897233,2,7
193,Pershing Elementary,13850.7229,0.100409791607339,543.903,1925.6562,5994.714,1863.73333333333,171756.777777778,0.0552003823569382,0.104089289086853,0.58205071736725,0.218367172734356,7,1653,1232.14285714286,59142.8571428572,0.121621621621622,0.104018912529551,0.125,0.125307125307125,27,44,25,51,0.0903954802259887,0.0952380952380952,16,32
194,Polk Elementary,14572.7311,0.104093295181985,511.6077,2604.5351,6268.9044,1575.23076923077,122560.307692308,0.0386525350762837,0.0939591618485295,0.553113527223459,0.290693087721903,14,2090,1929,92592,0.108108108108108,0.0991379310344828,0.0654205607476636,0.072,12,23,7,18,0.131147540983607,0.109848484848485,16,29
195,Preston Hollow Elementary,17254.8817,0.0623678167553012,169.2796,4251.5678,8771.9699,1692.375,109132.647058824,0.0322686651627406,0.0643852226468756,0.797713872474709,0.0827648560465065,24,4634,2539.05263157895,121874.526315789,0.0606060606060606,0.0809968847352025,0.109195402298851,0.0888888888888889,10,26,19,28,0.08125,0.0838323353293413,13,28
197,Bishop Arts Elementary,1617.0089,0.130057478347831,82.0493,392.8355,612.94,1595.5,78075.5,0.00858844994607018,0.0414300131557717,0.217884020304403,0.702739051096132,26,1600,1527.72727272727,73330.9090909091,0.0227272727272727,0.0327272727272727,0.0234375,0.0347490347490348,3,9,3,9,0.0458715596330275,0.0347826086956522,5,8
198,Reilly Elementary,9736.9714,0.115260100281285,353.3618,2089.586,4278.7787,1467.125,87507.625,0.0170368170127315,0.112481587447201,0.394347240251728,0.454339138759307,7,1312,1204.2,57801.6,0.0936170212765957,0.0889370932754881,0.103603603603604,0.0781990521327014,22,41,23,33,0.0639269406392694,0.0715883668903803,14,32
199,Reinhardt Elementary,9820.0587,0.0943502608594386,239.3322,1108.4133,3900.1924,1568,89537.875,0.000308236446692523,0.0640172649884466,0.472895218029603,0.41630089237654,3,310,1739,83472,0.054945054945055,0.0594594594594595,0.0561224489795918,0.0552631578947368,10,22,11,21,0.0510204081632653,0.0358056265984655,10,14
201,Rice Learning Center,4740.3646,0.269621138424669,384.271,1044.6468,1767.1141,1142.2,40215.2,0.00177172025966104,0.540890799834258,0.0624093556010439,0.32942411222968,6,378,789,37872,0.116279069767442,0.10958904109589,0.136094674556213,0.127167630057803,20,40,23,44,0.147058823529412,0.137362637362637,30,50
202,Roberts Elementary,4232.4114,0.164625159075982,144.9392,862.8436,1549.312,1177.4,53097,0.0134512443662731,0.156832461986091,0.0730495622424607,0.737890413961176,9,177,744.8,35750.4,0.174698795180723,0.157575757575758,0.1375,0.0993589743589744,29,52,22,31,0.0674846625766871,0.0636363636363636,11,21
203,Rogers Elementary,16180.0628,0.0844993568257349,184.8989,7889.9412,9259.6479,1589.46153846154,77125.3846153846,0.110718964576578,0.099170585419483,0.573233603271305,0.157959417808935,27,9357,1758.51851851852,84408.8888888889,0.114942528735632,0.116531165311653,0.0890052356020942,0.0878186968838527,20,43,17,31,0.104166666666667,0.0983606557377049,20,36
204,Rosemont Lower Elementary,11175.8867,0.103627840106861,231.9105,1951.1563,5052.3249,1438.6,79149.8181818182,0.0116338062017039,0.0637231674870147,0.524227576501827,0.364294772243888,33,1365,1198.375,57522,0.0318725099601594,0.0324324324324324,0.0200803212851406,0.02710027100271,8,12,5,10,0.0144508670520231,0.0191458026509573,5,13
205,Russell Elementary,6474.7743,0.236290213235695,731.5552,908.7739,1905.8462,1319.625,55587.125,0.00205146919175237,0.262555700204098,0.0380913200325763,0.67754692236917,3,162,1659.5,79656,0.0747126436781609,0.0706521739130435,0.0504587155963303,0.0558139534883721,13,26,11,24,0.0705394190871369,0.082135523613963,17,40
206,Sanger Elementary,8598.1347,0.0981065695563015,182.7916,2022.2317,4256.8061,1479.61538461538,94074.9230769231,0.0190178574429638,0.100879101138064,0.651923143283624,0.21006931887215,12,2267,1494.5,71736,0.0446428571428571,0.05,0.037037037037037,0.0471092077087794,10,23,9,22,0.0511811023622047,0.0444915254237288,13,21
207,San Jacinto Elementary,3076.6404,0.122360058718594,39.1953,309.8882,1095.2174,1264.6,60181.8,1.26111585871394e-05,0.200719817629646,0.10904995591945,0.676758973846927,2,341,1112.5,53400,0.0502793296089386,0.0485714285714286,0.0529100529100529,0.0617977528089888,9,17,10,22,0.12565445026178,0.0989010989010989,24,36
208,Seagoville Elementary,11734.0763,0.126491686439775,569.1297,742.2991,2963.1845,1101.4,60986.4,0.00380617092118278,0.13055298609231,0.345387143937354,0.497070962458289,2,128,,,0.0853242320819113,0.0965391621129326,0.0909090909090909,0.0756143667296786,25,53,23,40,0.0827067669172932,0.0695488721804511,22,37
209,Silberstein Elementary,6401.8989,0.153246609377102,304.3125,677.8797,2023.8024,1106,50603.2222222222,0.000976179114606136,0.0487887742182245,0.106131385486266,0.839526566094319,1,160,913,43824,0.038961038961039,0.050328227571116,0.0666666666666667,0.0608108108108108,9,23,14,27,0.06,0.0486111111111111,12,21
210,Stemmons Elementary,11392.4661,0.135560736932981,612.7307,2208.5977,3955.9719,1289.5,58318.5,0.0159231897999679,0.243431498997394,0.126771244024154,0.592902962423562,6,1322,1288.8,61862.4,0.0583941605839416,0.0590551181102362,0.0441176470588235,0.0435643564356436,16,30,12,22,0.051792828685259,0.0628803245436106,13,31
211,Stevens Park Elementary,9801.6243,0.174585175642776,573.9403,2280.9348,3461.7907,1320.83333333333,79187.1666666667,0.00738700013221278,0.107625151476169,0.121799394004522,0.742105663037911,22,3468,1367.5,65640,0.0957854406130268,0.0907335907335907,0.137546468401487,0.12770137524558,25,47,37,65,0.0881226053639847,0.0831643002028398,23,41
213,Terry Elementary,3880.8904,0.220525397985988,117.6849,426.141,1393.7261,1466.83333333333,52915.3333333333,0.00354988123344066,0.440347143016458,0.0528382868014,0.478040297144181,0,0,,,0.089041095890411,0.0716845878136201,0.0538461538461539,0.0506329113924051,13,20,7,12,0.0909090909090909,0.0737704918032787,12,18
215,Fridia Elementary,4004.6144,0.206275440651664,161.7363,379.3245,1488.5391,1180.8,49125.2,0.000201917068469813,0.774876427553175,0.0134711846413977,0.184831578291283,2,412,1080,51840,0.127906976744186,0.0923913043478261,0.0845070422535211,0.137254901960784,11,17,6,21,0.139784946236559,0.105882352941176,13,18
216,Titche Elementary,12050.259,0.259598976254369,1558.7025,2302.0546,3665.3537,1426,54101,0.0071726010204428,0.397891812947755,0.0288334881432839,0.556680009948334,9,1790,1053.33333333333,50560,0.169054441260745,0.168238993710692,0.171974522292994,0.140939597315436,59,107,54,84,0.115646258503401,0.120274914089347,34,70
218,Truett Elementary,11252.0718,0.372940305979917,2099.5498,2002.1411,3340.7085,1393.375,55710.125,0.00728456958477638,0.317214683966023,0.133690561768367,0.530468220083701,14,2184,1176.58333333333,56476,0.114349775784753,0.118857142857143,0.116788321167883,0.121890547263682,51,104,48,98,0.119512195121951,0.122503328894807,49,92
219,Turner Elementary,12722.3908,0.195502240034947,784.2554,1696.7526,4663.4127,1415,54930.3,0.00361116088337736,0.593644372251165,0.126400904144526,0.245968611497141,5,830,1280,61440,0.162393162393162,0.113445378151261,0.185840707964602,0.168032786885246,19,27,21,41,0.181159420289855,0.149019607843137,25,38
222,Urban Park Elementary,6199.3479,0.0978334188987845,144.6504,452.1568,2041.3282,1177,62335.4285714286,0.00815864842816774,0.206739534653314,0.172358031398754,0.605815718133838,2,81,1369,65712,0.0926829268292683,0.104477611940299,0.0673076923076923,0.0638297872340426,19,42,14,27,0.0506912442396313,0.0528846153846154,11,22
224,Walnut Hill Elementary,5492.779,0.0458312813969031,47.1803,239.9026,2328.3195,2126,208617,0.0589583888228527,0.01262770630313,0.757272939617633,0.134394848217997,0,0,,,0.0198675496688742,0.0367892976588629,0.0440251572327044,0.0524590163934426,3,11,7,16,0.0542635658914729,0.0458015267175573,7,12
225,Webster Elementary,11066.6762,0.20132156753624,1071.0984,2382.6213,4169.5503,1268.27272727273,58090.5,0.0128401877340551,0.41647463219354,0.110191865919055,0.433342298385851,9,2588,1229.77777777778,59029.3333333333,0.18452380952381,0.155882352941176,0.120805369127517,0.129139072847682,31,53,18,39,0.176,0.14963503649635,22,41
226,Weiss Elementary,10845.3852,0.191825118392291,814.5328,1816.1891,3500.5829,1533.61538461538,61271,0.00201256106606522,0.419275140176672,0.0386188864919247,0.520297075294292,6,1087,1506.33333333333,72304,0.0732984293193717,0.0784313725490196,0.0614525139664804,0.0580110497237569,14,28,11,21,0.121693121693122,0.101522842639594,23,40
229,Winnetka Elementary,2978.6141,0.184366246033684,148.2951,215.494,966.3049,1535,75881.25,0.00432848954820969,0.0451410943095986,0.204992415768125,0.727773497077047,0,0,,,0.0170648464163823,0.0153846153846154,0.0131578947368421,0.0165562913907285,5,9,4,10,0.0401234567901235,0.0326086956521739,13,21
230,Withers Elementary,11667.0854,0.0710869057322577,164.7716,555.4894,4199.3692,2023.55555555556,183820.6,0.0668604945670493,0.021119430564895,0.653341664920015,0.222496005729074,1,56,925,44400,0.0099009900990099,0.0136612021857924,0.0209424083769634,0.0182291666666667,2,5,4,7,0.0540540540540541,0.0403022670025189,12,16
233,Nathan Adams Elementary,10707.2662,0.116802625118258,220.1556,2556.7903,5294.9882,1556.71428571429,129222.666666667,0.0695673934024355,0.0896580679015901,0.598862695689774,0.209501646648143,19,4988,1864.6875,89505,0.107142857142857,0.0970873786407767,0.135483870967742,0.0940438871473354,18,30,21,30,0.0807453416149068,0.0852941176470588,13,29
234,Gonzalez Elementary,6771.1001,0.21229653657018,546.8104,574.4782,1760.8307,1179.6,48995.4,0.00590457967088686,0.119828150229237,0.0416798593776512,0.809983343770091,1,26,,,0.0497737556561086,0.0542452830188679,0.0333333333333333,0.0299539170506912,11,23,7,13,0.076,0.0717299578059072,19,34
235,Alexander Elementary,6734.7688,0.218881262857902,406.3895,1012.6909,2501.4268,1410.71428571429,53902.5714285714,0.000570799104491902,0.658792474063846,0.028415377822621,0.302640158931662,3,424,1608,77184,0.122448979591837,0.119402985074627,0.125,0.150753768844221,12,24,13,30,0.132530120481928,0.1,11,18
236,Cochran Elementary,1368.0609,0.273683357224814,185.7579,190.8738,401.4948,1354.4,59374,0.00436384082024419,0.159736163792124,0.0635178594754079,0.731301289292019,3,784,1394.66666666667,66944,0.174863387978142,0.167553191489362,0.174157303370787,0.174285714285714,32,63,31,61,0.171428571428571,0.13677811550152,30,45
237,Runyon Elementary,5484.2201,0.150532069272712,366.6321,488.039,1497.454,1230,59883,1.82341332361916e-07,0.101953603211512,0.0767113267390563,0.784719562951166,3,532,1186,56928,0.0918367346938776,0.106951871657754,0.138297872340426,0.114882506527415,18,40,26,44,0.0966183574879227,0.104738154613466,20,42
239,Salazar Elementary,4448.1337,0.147816127918997,208.3211,365.8993,1492.293,1309,63774.5,0.00485214731742438,0.0144398762114547,0.182905046221969,0.786303523205699,0,0,,,0.0331491712707182,0.0191780821917808,0.0222222222222222,0.0314285714285714,6,7,4,11,0.0263157894736842,0.0340909090909091,5,12
240,Guzick Elementary,10827.3317,0.149785639244801,384.2131,1894.151,3822.5091,1272.63636363636,61321.6363636364,0.0217409244052253,0.353523019896028,0.114255195488285,0.506838873330167,11,1868,1275,61200,0.134020618556701,0.139372822299652,0.14453125,0.143129770992366,39,80,37,75,0.167857142857143,0.167557932263815,47,94
244,Seagoville North Elementary,9713.3091,0.154236417741509,480.7671,729.0702,2833.0401,1209.42857142857,63815.5714285714,0.00166502474424499,0.128741007531615,0.151367292532676,0.701212257314039,4,835,1757.75,84372,0.0555555555555556,0.0878962536023055,0.0824742268041237,0.0899031811894882,20,61,32,65,0.0555555555555556,0.0697350069735007,20,50
247,Callejo Elementary,4630.7891,0.115344510074968,222.1398,696.2757,1396.5287,1186.66666666667,57730.3333333333,0,0.160469108817761,0.110191241488411,0.723992483268133,9,754,1014.57142857143,48699.4285714286,0.102564102564103,0.117096018735363,0.0711462450592885,0.0707964601769912,24,50,18,32,0.0984251968503937,0.105154639175258,25,51
250,Young Jr Elementary,9101.5873,0.38773187397763,1491.6843,1589.2648,2981.4503,1180.125,38139.625,0.00758664370554354,0.569633200134223,0.0279828662413643,0.376637336654454,4,611,1232.5,59160,0.15,0.122448979591837,0.0802469135802469,0.114093959731544,21,36,13,34,0.102941176470588,0.0981132075471698,14,26
260,De Zavala Elementary,3241.7402,0.158417259964262,213.2828,165.8117,852.1317,1422,65639,0.000508584864388578,0.0647195293441467,0.0239265935006143,0.909856965095476,0,0,,,0.037593984962406,0.0476190476190476,0.0774193548387097,0.0809859154929578,5,13,12,23,0.023121387283237,0.0376175548589342,4,12
263,Starks Elementary,4467.0243,0.440145602073398,923.031,1112.5564,1789.6397,1079.25,34565.25,1.43495973370908e-05,0.620641911439792,0.0234558607617156,0.35038443824897,7,1322,1209.42857142857,58052.5714285714,0.25,0.21301775147929,0.252873563218391,0.259036144578313,23,36,22,43,0.17283950617284,0.178571428571429,14,30
264,McNair Elementary,8229.6374,0.290116111312511,1019.0541,3284.4657,3662.394,1281.85714285714,43013.8571428572,0.00193688971035346,0.756910140415178,0.0209340571918758,0.195897440147242,15,4132,1206.14285714286,57894.8571428572,0.276,0.234375,0.253658536585366,0.229591836734694,69,105,52,90,0.21,0.205882352941176,42,84
265,Martinez Learning Center,10347.4494,0.234811662862541,726.1234,1278.8455,3050.5975,1295.77777777778,64480.3333333333,0.0350778231396812,0.226868159413275,0.0369774313658398,0.683474141946517,3,502,1066.5,51192,0.0776255707762557,0.0829596412556054,0.0956521739130435,0.106430155210643,17,37,22,48,0.0837209302325582,0.0833333333333333,18,35
266,Douglass Elementary,6563.2809,0.424747598415299,1642.3573,1504.2631,1923.5192,1313.4,52779,0.000553716967987764,0.541298849482429,0.0295534966361108,0.404649037648229,5,994,1204.4,57811.2,0.153439153439153,0.150649350649351,0.0994475138121547,0.144927536231884,29,58,18,50,0.153061224489796,0.143661971830986,30,51
271,Saldivar Elementary,4759.7023,0.261747189524858,577.504,1524.0112,1594.5872,1223.25,58137.25,0.00546754783382146,0.0469050763952191,0.0327741085823792,0.912048007708381,6,1307,1190.5,57144,0.116363636363636,0.116724738675958,0.115942028985507,0.0934256055363322,32,67,32,54,0.1,0.0866013071895425,32,53
272,Moreno Elementary,6008.9163,0.216891055713324,679.6701,858.6383,1899.0177,1384.66666666667,63674.4444444445,0.00222006753530583,0.152083912368691,0.0703633532056354,0.771117896915955,2,294,1296,62208,0.04,0.0408163265306122,0.0135135135135135,0.0431893687707641,6,12,2,13,0.0192307692307692,0.0251572327044025,3,8
273,Pleasant Grove Elementary,4507.3406,0.165208748591132,336.2207,320.8933,1363.5525,1207,54195.1428571429,0.0296500335474981,0.201080122500616,0.0774617520584089,0.690657857096488,0,0,,,0.111111111111111,0.0977653631284916,0.0561224489795918,0.044973544973545,21,35,11,17,0.078125,0.0652741514360313,15,25
274,Bethune Elementary,7526.7281,0.259336709665386,949.5234,810.9163,2017.8534,1275.14285714286,56672.5714285714,0.00119208504423057,0.130221629767654,0.0422640615913839,0.793354870890048,2,552,1623.5,77928,0.0645161290322581,0.0614406779661017,0.0566801619433198,0.04375,16,29,14,21,0.0297397769516729,0.0355029585798817,8,18
275,Kahn Elementary,5479.8184,0.181196187085324,437.3366,925.9394,2075.2407,1346.25,70602.375,0.00726407283861816,0.0642152119493595,0.179764935275957,0.734806759289687,10,893,1560.71428571429,74914.2857142857,0.10377358490566,0.0818858560794045,0.0384615384615385,0.0491400491400491,22,33,8,20,0.0377358490566038,0.0321782178217822,8,13
276,Cuellar Sr Elementary,6091.4272,0.13043355422519,391.5321,724.6435,1877.4304,1166,61846.4,0.000827113225616486,0.184791718433408,0.063359519424282,0.750090060995886,1,49,1386,66528,0.0427046263345196,0.0402684563758389,0.0295081967213115,0.034965034965035,12,24,9,20,0.0660377358490566,0.0632688927943761,21,36
277,Tolbert Elementary,7756.7794,0.308968436049632,1176.8545,1123.2988,2196.2325,1254.66666666667,62261.7142857143,0.0138173582711402,0.257234207279377,0.0713004162526525,0.655971381627793,11,1614,1236.33333333333,59344,0.0844155844155844,0.105072463768116,0.153284671532847,0.120879120879121,13,29,21,33,0.13768115942029,0.110344827586207,19,32
278,Cigarroa Elementary,3138.4987,0.186919784290495,255.5574,651.2809,939.9178,1366.6,87138.2,7.9974543242602e-05,0.0375589768445658,0.113359390590157,0.847724964805625,7,1147,1128.5,54168,0.106666666666667,0.104477611940299,0.0909090909090909,0.0939759036144578,24,42,19,39,0.092511013215859,0.0885780885780886,21,38
279,Junkins Elementary,15854.8468,0.0682557967069098,272.4683,5137.9297,7600.7129,1741.58333333333,107634.333333333,0.0363172793318949,0.175324601685839,0.444487234023605,0.303613422489835,24,6120,1474.54166666667,70778,0.169354838709677,0.150197628458498,0.153225806451613,0.1375,42,76,38,66,0.173076923076923,0.188524590163934,45,92
280,Frank Elementary,20663.2329,0.147377669057778,1397.8806,8079.6165,10383.7991,1487.91666666667,76028.0833333333,0.0514308581403058,0.24397969690406,0.335394312861856,0.317846308551263,24,8032,1439.04347826087,69074.0869565217,0.144578313253012,0.13882863340564,0.144086021505376,0.142217245240762,72,128,67,127,0.111358574610245,0.0958751393534002,50,86
281,Chavez Learning Center,19048.7594,0.143177665417938,582.1958,8554.7244,10793.488,1561.90909090909,84241.2727272727,0.0408178865443594,0.23340060665578,0.397739581927839,0.292421909638903,257,15786,1569.03333333333,75313.6,0.233870967741935,0.235789473684211,0.139442231075697,0.137339055793991,58,112,35,64,0.173913043478261,0.189393939393939,44,100
283,Medrano Elementary,17584.6614,0.105463156657654,166.1399,9072.5209,10792.4878,1718.82352941176,83852.1764705882,0.107655584428825,0.142148304317079,0.509662881538339,0.204893146250743,110,17654,1824.73134328358,87587.104477612,0.121212121212121,0.123636363636364,0.209150326797386,0.205574912891986,16,34,32,59,0.111940298507463,0.125475285171103,15,33
284,Highland Meadows Elementary,5720.3013,0.183686862788154,400.7049,1829.0138,2353.737,1284.83333333333,62690.3333333333,0.0406346602756746,0.253629367390141,0.171679418355114,0.511327786177976,10,3093,1072.88888888889,51498.6666666667,0.148648648648649,0.153005464480874,0.10472972972973,0.112570356472796,44,84,31,60,0.177215189873418,0.174789915966387,56,104
286,McShan Jr Elementary,6705.3308,0.147060082404883,293.5506,2638.5445,2945.2865,1354.6,85767,0.193956023765449,0.300751381274135,0.188600374496065,0.243225882308446,14,3079,1080.23076923077,51851.0769230769,0.0986394557823129,0.115894039735099,0.113879003558719,0.108818011257036,29,70,32,58,0.104895104895105,0.0984555984555985,30,51
287,Soto Jr Elementary,9714.8519,0.226827781080224,1149.2487,1217.748,2828.48,1216.14285714286,53567.7142857143,0.000232540858394352,0.071759323474607,0.0637723051650432,0.845269519754594,5,99,1055,50640,0.078125,0.0551378446115288,0.0628272251308901,0.0583756345177665,15,22,12,23,0.0954545454545455,0.0911214953271028,21,39
289,Botello Elementary,6355.8157,0.165912551554948,323.042,1231.4954,2304.4624,1223,57699.375,0.00352129467819528,0.155150738559018,0.0848447823935486,0.742694364155336,22,1244,1089.57142857143,52299.4285714286,0.0337078651685393,0.0282828282828283,0.0288065843621399,0.0196936542669584,9,14,7,9,0.0425531914893617,0.0388127853881279,10,17
301,Wilmer Hutchins Elementary,13517.1587,0.191500844034627,1079.844,1461.0139,3425.8403,1230.85714285714,60594,0.00349251651532359,0.437239225429824,0.0941752426121919,0.436830759411,3,595,1544,74112,0.129554655870445,0.117647058823529,0.119521912350598,0.110220440881764,32,58,30,55,0.079646017699115,0.0755102040816327,18,37
303,Richardson Elementary,6563.9217,0.22383649091975,629.9959,751.0383,2153.3572,1189.57142857143,51593.2857142857,6.09391790886232e-08,0.216191046276497,0.0675115761968946,0.711280452964575,0,0,,,0.0663507109004739,0.0791855203619909,0.0405405405405405,0.045766590389016,14,35,9,20,0.0303030303030303,0.0306345733041576,7,14
304,Bush Elementary,26940.8068,0.105075208809263,894.0495,12506.4457,15260.4767,1583.73684210526,84463.5789473684,0.068824676030118,0.242153119185725,0.379937663930688,0.249981849095922,46,13245,1625.3023255814,78014.511627907,0.146551724137931,0.142228739002933,0.16,0.183606557377049,51,97,48,112,0.189090909090909,0.160714285714286,52,90
305,Halliday Elementary,6386.8405,0.266915323781767,1052.8557,633.3981,1881.1912,1366.2,59289.8,5.08858801155282e-06,0.195625943688432,0.0926250624232749,0.70284704933527,1,330,,,0.118705035971223,0.106498194945848,0.0679245283018868,0.072202166064982,33,59,18,40,0.0805860805860806,0.0821167883211679,22,45
307,Thompson Elementary,6842.8715,0.341947704264211,991.9323,1324.3775,2276.8661,1175.42857142857,42479.5714285714,0.000192799177947445,0.483329315770433,0.0217936285958314,0.445819054179229,10,1140,1186.2,56937.6,0.137795275590551,0.121442125237192,0.140495867768595,0.121535181236674,35,64,34,57,0.0968992248062016,0.108,25,54
312,Johnson Elementary,5759.9004,0.24107199839775,774.1714,678.6515,1863.0191,1206.75,55882,9.46196916877243e-06,0.265449624788651,0.225444505950138,0.505690376173866,7,1597,1180,56640,0.0902255639097744,0.095049504950495,0.115079365079365,0.109243697478992,24,48,29,52,0.116,0.134831460674157,29,60
42,Bedford Law  Middle,51142.7705,0.237722893795908,4431.9698,9739.9667,18449.0095,1415.80769230769,54978.2307692308,0.00234372128901386,0.569147531809995,0.0556778342698505,0.353452856059098,37,7977,1314.44117647059,63093.1764705882,,,,,,,,,,,,
43,Browne  Middle,37575.3299,0.203736366929409,3343.3874,6771.5893,12868.2216,1276,58524.0476190476,0.0124389433504348,0.322124945601609,0.098627661017555,0.547732628157178,40,7092,1202.05555555556,57698.6666666667,,,,,,,,,,,,
45,Comstock  Middle,26961.671,0.282380769352167,3553.5454,3978.4842,7557.1949,1209.36363636364,49300.4545454545,0.00782737464602991,0.300612335934223,0.0429338189016549,0.633962505513846,11,2065,1230,59040,,,,,,,,,,,,
46,Young Men's Leadership  Middle,29066.39,0.205664102078036,2871.3253,3952.4582,8468.5317,1318.3125,55653.625,0.00958467838627363,0.255196221477796,0.0588347434958383,0.663875204316739,16,2386,1031.07142857143,49491.4285714286,,,,,,,,,,,,
47,Franklin  Middle,80671.6315,0.094805998810127,2355.7452,27043.7607,41582.1795,1680.91666666667,112552.294117647,0.0563572226749871,0.142599942335367,0.55878914138485,0.199559333320289,102,29148,1776.41489361702,85267.914893617,,,,,,,,,,,,
48,Gaston  Middle,38374.9596,0.124595565698003,1545.5212,5781.8779,14752.6859,1503.35714285714,87568.0357142857,0.00987594525050653,0.0998295539573675,0.369173201683319,0.495746835913281,37,5867,1316.87878787879,63210.1818181818,,,,,,,,,,,,
49,Greiner  Middle,17408.0154,0.128577930830645,548.008,2464.8629,7189.0216,1479.41666666667,78684.5384615385,0.0087640892137538,0.0588840988732122,0.416799062574359,0.486336575736255,34,1368,1198.375,57522,,,,,,,,,,,,
50,Hill  Middle,30312.5338,0.10397077066517,962.7936,4987.1678,11711.8176,1632.89473684211,102706.421052632,0.0306540458191588,0.104282869286236,0.37057781359076,0.46666699304431,20,4039,1134.17647058824,54440.4705882353,,,,,,,,,,,,
51,Lewis  Middle,31741.8019,0.296644992923354,3640.6325,4314.7935,11382.3364,1197.1,44300,0.00430218802417767,0.446352070516829,0.0449976596949274,0.48786311025399,30,3059,1125.86956521739,54041.7391304348,,,,,,,,,,,,
52,Piedmont  Middle,27350.8716,0.24546042986067,2996.165,3682.6826,8548.198,1272.17647058824,53522.705882353,0.00220360436337978,0.2425749751975,0.0568460823749398,0.691976097756241,13,1276,995.818181818182,47799.2727272727,,,,,,,,,,,,
53,Long  Middle,65995.6023,0.0893565842947084,738.5713,15576.8071,31293.7974,1671.88571428571,113058.027777778,0.0387490955590536,0.0749431057166062,0.625693979006234,0.225018222161145,289,16676,1454.16463414634,69799.9024390244,,,,,,,,,,,,
54,Marsh  Middle,32208.5896,0.0921098451327406,1108.1196,3541.987,10740.2544,1884.46666666667,121837.117647059,0.0268436560165305,0.0335091636549028,0.380938664262405,0.531683026567546,24,4628,1529.26315789474,73404.6315789474,,,,,,,,,,,,
55,Rusk  Middle,44929.0582,0.131340629793126,920.3718,20693.994,25750.9403,1665.24137931035,85236.0689655172,0.0982738316112756,0.161112589268564,0.392115339288372,0.316510809923899,200,30689,1670.85074626866,80200.8358208955,,,,,,,,,,,,
56,Walker  Middle,65166.2412,0.0919683042882025,1552.0556,20753.1107,32352.2331,1700.7027027027,116961.025641026,0.0606889706567885,0.161243860417716,0.480554655651982,0.251486805103622,90,24409,1619.4880952381,77735.4285714286,,,,,,,,,,,,
58,Spence  Middle,70858.6595,0.118350498854695,1150.6212,34974.8913,44754.766,1795.52380952381,105160.738095238,0.0582248976922856,0.136466209892102,0.570018159883479,0.194606337423022,612,55852,1912.01041666667,91776.5,,,,,,,,,,,,
59,Stockard  Middle,28879.6243,0.212893254293478,2850.0232,3090.0313,8523.9267,1310.82352941176,61730,0.00152762721362688,0.0680540535979202,0.0825451043004046,0.82827384980905,10,1435,1324.5,63576,,,,,,,,,,,,
60,Storey  Middle,33570.4142,0.230451410396956,3056.989,4667.9253,10907.8395,1313.84210526316,51006.8947368421,0.00249718992147556,0.49794875631889,0.0432526358283658,0.432377730388563,15,2193,1361.83333333333,65368,,,,,,,,,,,,
62,Dade  Middle,34392.6259,0.216332350476327,1781.8526,8824.3815,12729.4943,1288.76470588235,51419.4705882353,0.00649625011622041,0.50447083192912,0.150963262156729,0.292201907735111,113,7764,1181.25454545455,56700.2181818182,,,,,,,,,,,,
68,Quintanilla  Middle,25545.0448,0.21423734203042,2480.0767,4886.2687,8708.0359,1327.86666666667,68294.4,0.00584784646766405,0.086248758506777,0.116085194730212,0.776167454597692,48,5856,1377.41666666667,66116,,,,,,,,,,,,
69,Seagoville  Middle,40110.5093,0.155337755833482,2601.9039,2910.4384,11469.9407,1300.38461538462,64507.9230769231,0.00520781968729577,0.163708143192288,0.199760911537466,0.611872931266919,15,2174,1419.9,68155.2,,,,,,,,,,,,
72,Todd  Middle,22591.6424,0.395977837361661,3697.3824,4151.3333,7705.7374,1146.33333333333,36092.7333333333,0.00305701545629989,0.594341972233059,0.0251222726507038,0.367504852148332,15,2218,1090.2,52329.6,,,,,,,,,,,,
76,Lang  Middle,31502.0105,0.259335758903388,3407.268,6989.4646,11247.1501,1367.5,65415.9444444445,0.019517779666793,0.335670639180315,0.131436325310094,0.50121726040311,45,7593,1174.13513513514,56358.4864864865,,,,,,,,,,,,
77,Garcia  Middle,16795.7236,0.162972043669497,789.159,4240.8257,6802.4628,1263.125,57831,0.0146208228861304,0.115183462533284,0.140131080747244,0.706959520338856,161,9340,1357.71951219512,65170.5365853659,,,,,,,,,,,,
79,Medrano  Middle,53761.8143,0.161663258823466,3791.4769,13247.3579,20637.4042,1639.34482758621,116402.75862069,0.041633085288195,0.067321236218027,0.306539029877941,0.568393126197008,77,12074,1314.5,63096,,,,,,,,,,,,
83,Tasby  Middle,30113.1459,0.197098048796024,2312.8894,11213.3016,13178.9275,1542,88990.4583333333,0.108722503151024,0.265098715574582,0.193426253747869,0.388186576016291,59,14406,1062.01960784314,50976.9411764706,,,,,,,,,,,,
100,"Holmes, Z  Middle",23845.396,0.167366329332505,1870.0516,2771.2875,7373.0773,1282.66666666667,63889.125,0.00174236569608657,0.108262098058678,0.0720751334974684,0.813563695901716,11,1223,1283.83333333333,61624,,,,,,,,,,,,
352,Young Women's STEAM  Middle,28223.8741,0.169974627969305,2170.2371,2471.8014,8019.3848,1256.71428571429,55674.4285714286,0.00785832941339545,0.150616218912343,0.070976872023391,0.768176502743116,12,1188,1191.66666666667,57200,,,,,,,,,,,,
353,Richards  Middle,24407.8577,0.158719550384793,1718.1899,3103.7709,7629.9074,1231.35294117647,55280.5294117647,0.0055074354190454,0.199716519979547,0.106441951273749,0.684354432302348,17,1671,1147.07692307692,55059.6923076923,,,,,,,,,,,,
354,West  Middle,30740.8094,0.245641241964175,3268.4198,3484.4406,8998.8241,1181.23076923077,52862,0.00489726532704763,0.488737284191353,0.0898769340796863,0.394937486584202,17,3710,1146.35714285714,55025.1428571429,,,,,,,,,,,,
372,West Dallas  Middle,28358.8821,0.173787735448147,1393.5729,5105.0035,9951.037,1292.06666666667,64508.6666666667,0.0277941562442618,0.233858202753345,0.0906216645260498,0.632061963401583,28,6769,1622.60869565217,77885.2173913044,,,,,,,,,,,,
1,Adams  High,68687.4932,0.115493622352781,2508.3148,10769.0456,26464.5033,1537.94594594595,91991.4594594595,0.0190455472904054,0.101794851933831,0.369793076099624,0.482913589573247,57,9906,1254.76,60228.48,,,,,,,,,,,,
2,Adamson  High,16795.7236,0.162972043669497,789.159,4240.8257,6802.4628,1263.125,57831,0.0146208228861304,0.115183462533284,0.140131080747244,0.706959520338856,161,9340,1357.71951219512,65170.5365853659,,,,,,,,,,,,
5,Molina  High,28879.6243,0.212893254293478,2850.0232,3090.0313,8523.9267,1310.82352941176,61730,0.00152762721362688,0.0680540535979202,0.0825451043004046,0.82827384980905,10,1435,1324.5,63576,,,,,,,,,,,,
6,Hillcrest  High,80671.6315,0.094805998810127,2355.7452,27043.7607,41582.1795,1680.91666666667,112552.294117647,0.0563572226749871,0.142599942335367,0.55878914138485,0.199559333320289,102,29148,1776.41489361702,85267.914893617,,,,,,,,,,,,
7,Jefferson  High,53761.8143,0.161663258823466,3791.4769,13247.3579,20637.4042,1639.34482758621,116402.75862069,0.041633085288195,0.067321236218027,0.306539029877941,0.568393126197008,77,12074,1314.5,63096,,,,,,,,,,,,
8,Kimball  High,61420.7261,0.189616407025836,5213.4389,9542.8769,20241.2989,1288.14285714286,60113.5517241379,0.00828620454879318,0.239096875476371,0.0883191643024227,0.650936340851887,51,8315,1213.7380952381,58259.4285714286,,,,,,,,,,,,
9,Lincoln  High,11587.7605,0.312254063241987,1376.0935,2369.8631,4045.7546,1162.25,40484.875,0.000841387772900553,0.506956775642714,0.0384754759127098,0.398060867757838,16,1518,1037.25,49788,,,,,,,,,,,,
12,Pinkston  High,42915.964,0.190957518745239,2776.7664,8371.8282,14803.1989,1280.38095238095,65310.6666666667,0.0207122272728162,0.195106732310615,0.0921257203962609,0.675666122750965,54,11185,1502.45652173913,72117.9130434783,,,,,,,,,,,,
13,Roosevelt  High,31741.8019,0.296644992923354,3640.6325,4314.7935,11382.3364,1197.1,44300,0.00430218802417767,0.446352070516829,0.0449976596949274,0.48786311025399,30,3059,1125.86956521739,54041.7391304348,,,,,,,,,,,,
14,Samuell  High,56417.2617,0.224957206669958,5867.4903,7635.1409,17016.7298,1267.28,53983.4,0.0060063620563846,0.249077485800769,0.0578706498972105,0.677498408257556,29,3662,1015.56,48746.88,,,,,,,,,,,,
15,Seagoville  High,40110.5093,0.155337755833482,2601.9039,2910.4384,11469.9407,1300.38461538462,64507.9230769231,0.00520781968729577,0.163708143192288,0.199760911537466,0.611872931266919,15,2174,1419.9,68155.2,,,,,,,,,,,,
16,SOC  High,56162.0567,0.297035760088181,6754.3715,8819.2586,18613.5769,1255.39285714286,45513.9642857143,0.00272238783591414,0.536723707627324,0.0359595502491632,0.406282088668594,30,4411,1210.92592592593,58124.4444444444,,,,,,,,,,,,
17,Spruce  High,55185.5452,0.224892222320565,5723.7826,6450.2857,15576.5797,1236.42105263158,53916.7894736842,0.00784320420195831,0.22389892416973,0.0572760455395483,0.702604375103646,23,3253,1210.83333333333,58120,,,,,,,,,,,,
18,Sunset  High,28395.9784,0.156511208643545,1644.8913,4084.3068,11044.8954,1393.23529411765,71048.1111111111,0.00708814808789966,0.0523682360597936,0.311216992614701,0.606462452443618,56,2808,1303.85714285714,62585.1428571429,,,,,,,,,,,,
21,White  High,97374.8309,0.0920151225649009,2660.1752,24295.0978,43092.4874,1707.87234042553,111884.96,0.0494939868491212,0.118993161712387,0.447604757791677,0.344167069562531,114,29037,1602.84466019417,76936.5436893204,,,,,,,,,,,,
22,Wilson  High,65995.6023,0.0893565842947084,738.5713,15576.8071,31293.7974,1671.88571428571,113058.027777778,0.0387490955590536,0.0749431057166062,0.625693979006234,0.225018222161145,289,16676,1454.16463414634,69799.9024390244,,,,,,,,,,,,
23,Carter  High,51142.7705,0.237722893795908,4431.9698,9739.9667,18449.0095,1415.80769230769,54978.2307692308,0.00234372128901386,0.569147531809995,0.0556778342698505,0.353452856059098,37,7977,1314.44117647059,63093.1764705882,,,,,,,,,,,,
24,North Dallas  High,115787.7178,0.123391052794375,2070.993,55668.8853,70505.7065,1688.01666666667,93880.8333333333,0.0737650681979328,0.146029732870337,0.500986604643139,0.241908877143444,812,86541,1849.62548262548,88782.0231660232,,,,,,,,,,,,
25,Skyline  High,55909.8684,0.215411025721534,5125.4577,10093.2358,18877.0572,1295.25925925926,58821,0.0134014606265823,0.276318885057508,0.120524849956542,0.581167118254208,62,9264,1167.1,56020.8,,,,,,,,,,,,
28,Conrad  High,30113.1459,0.197098048796024,2312.8894,11213.3016,13178.9275,1542,88990.4583333333,0.108722503151024,0.265098715574582,0.193426253747869,0.388186576016291,59,14406,1062.01960784314,50976.9411764706,,,,,,,,,,,,
32,Madison  High,22804.8654,0.167591973597003,405.7591,6454.5183,8683.7399,1309.78571428571,53743.7142857143,0.00936963653378985,0.503207657608012,0.208121307306642,0.238412141647633,97,6246,1205.76595744681,57876.7659574468,,,,,,,,,,,,
380,Wilmer-Hutchins  High,30740.8094,0.245641241964175,3268.4198,3484.4406,8998.8241,1181.23076923077,52862,0.00489726532704763,0.488737284191353,0.0898769340796863,0.394937486584202,17,3710,1146.35714285714,55025.1428571429,,,,,,,,,,,,
