FID,SLN,TEA,SCHOOLNAME,LEVEL_,Latitude,Longitude,ADDRESS,CITY,ZIP,PHONE,WEBSITE,NAME,mhiE,mhiM,rohhE,rohhM,tot_mf,tot_units,MAR2022,IncomeNeed,TotEvictions,EvicFilAmt,EVR
1,47,47,Franklin International Exploratory Academy Middle School,Middle,32.8855395655,-96.7845441689,6920 Meadow Rd.,Dallas,75230,9725027100,http://www.dallasisd.org/franklin,ZCTA5 75230,105045,6577,4905,572,18,4474,1353.64705882353,64975.0588235294,191,2598.52643979058,38.9398572884811
2,69,69,Seagoville Middle School,Middle,32.6819109823,-96.58334471,950 Woody Rd.,Dallas,75253,9728927100,http://www.dallasisd.org/seagovillems,ZCTA5 75253,46716,5051,2290,599,4,341,868.5,41688,252,1561.34472222222,110.043668122271
3,354,354,Kennedy-Curry Middle School,Middle,32.6609563779,-96.7578665583,6605 Sebring Dr.,Dallas,75241,9729251600,http://www.dallasisd.org/kennedycurry,ZCTA5 75241,38792,3242,4042,427,11,2233,931,44688,455,2550.79947019868,112.568035625928
4,62,62,Dade Middle School,Middle,32.7712122792,-96.7734135593,2727 Al Lipscomb Way,Dallas,75215,9727493800,http://www.dallasisd.org/dade,ZCTA5 75215,32077,2523,4759,504,69,3713,1018.03125,48865.5,433,2361.84223776224,90.985501155705
5,76,76,Lang Sr. Middle School,Middle,32.8017630859,-96.6867980273,1678 Chenault St.,Dallas,75228,9729252400,http://www.dallasisd.org/lang,ZCTA5 75228,51018,1728,13200,716,73,11766,1013.2380952381,48635.4285714286,975,2446.88714285714,73.8636363636364
6,353,353,Richards STEAM Academy Middle School,Middle,32.770022087,-96.6662960429,3831 N. Prairie Creek Rd.,Dallas,75227,9728925400,http://www.dallasisd.org/annrichards,ZCTA5 75227,49744,3870,7934,770,35,4591,939.275862068965,45085.2413793103,572,2356.64802120141,72.0947819510966
7,53,53,Long Middle School,Middle,32.8069438604,-96.7502968134,6116 Reiger Ave.,Dallas,75214,9725024700,http://www.dallasisd.org/long,ZCTA5 75214,104583,16017,6648,520,135,5924,1195.30526315789,57374.652631579,327,3159.72599388379,49.187725631769
8,55,55,Rusk Middle School,Middle,32.8267180763,-96.8348718328,2929 Inwood Rd.,Dallas,75235,9729252000,http://www.dallasisd.org/rusk,ZCTA5 75235,49805,6926,6659,630,44,7701,1535.15625,73687.5,237,3890.41227848101,35.5909295690044
9,79,79,Medrano Junior High School,Middle,32.8725612346,-96.8763613526,9815 Brockbank Dr,Dallas,75220,9729251300,http://www.dallasisd.org/panchomedrano,ZCTA5 75220,51125,3645,9670,611,68,10285,1049.33333333333,50368,431,2149.24658139535,44.5708376421924
10,77,77,Garcia Middle School,Middle,32.7498559088,-96.8138859057,700 E. Eighth St.,Dallas,75203,9725025500,http://www.dallasisd.org/garcia,ZCTA5 75203,40079,3972,3996,340,99,4604,962.62,46205.76,275,3425.9347601476,68.8188188188188
11,68,68,Quintanilla Sr. Middle School STEAM Academy,Middle,32.7619699922,-96.8656663639,2700 Remond Dr.,Dallas,75211,9725023200,http://www.dallasisd.org/quintanilla,ZCTA5 75211,50368,3517,10462,893,59,8684,1197.28888888889,57469.8666666667,487,2699.90610766046,46.5494169374881
12,59,59,Stockard Middle School,Middle,32.7228003805,-96.8673084867,2300 S. Ravinia Dr.,Dallas,75211,9727945700,http://www.dallasisd.org/stockard,ZCTA5 75211,50368,3517,10462,893,59,8684,1197.28888888889,57469.8666666667,487,2699.90610766046,46.5494169374881
13,48,48,Gaston Middle School,Middle,32.8247687129,-96.6940855694,9565 Mercer Dr.,Dallas,75228,9725025400,http://www.dallasisd.org/gaston,ZCTA5 75228,51018,1728,13200,716,73,11766,1013.2380952381,48635.4285714286,975,2446.88714285714,73.8636363636364
14,50,50,Hill Middle School,Middle,32.8554461204,-96.7041449281,505 Easton Rd.,Dallas,75218,9725025700,http://www.dallasisd.org/hill,ZCTA5 75218,95500,11196,3443,326,12,2490,1309.1,62836.8,122,2241.14827868852,35.4342143479524
15,72,72,Todd Sr. Middle School,Middle,32.6913104804,-96.7825493869,2445 E. Ledbetter Dr.,Dallas,75216,9727493600,http://www.dallasisd.org/todd,ZCTA5 75216,31063,2551,9318,699,33,4216,954.620689655173,45821.7931034483,752,2382.64582109479,80.7040137368534
16,43,43,Browne Middle School,Middle,32.6968181193,-96.8762850952,3333 Sprague Dr.,Dallas,75233,9725052500,http://www.dallasisd.org/browne,ZCTA5 75233,57018,10050,2441,367,9,2104,1056.11111111111,50693.3333333333,261,2769.82607692308,106.923392052438
17,100,100,Holmes Jr. Middle School,Middle,32.7109491272,-96.868483851,2939 St. Rita Dr.,Dallas,75233,2149327800,http://www.dallasisd.org/zwholmes,ZCTA5 75233,57018,10050,2441,367,9,2104,1056.11111111111,50693.3333333333,261,2769.82607692308,106.923392052438
18,284,284,Personalized Learning Academy at Highland Meadows,Elementary,32.8705868973,-96.687854934,8939 Whitewing Lane,Dallas,75238,9725025200,http://www.dallasisd.org/hmeadows,ZCTA5 75238,68361,8589,6411,453,29,7113,1221.73076923077,58643.0769230769,684,2611.82817914831,106.691623771642
19,280,280,Frank Elementary School,Elementary,32.9477585157,-96.8179082651,5201 Celestial Rd.,Dallas,75254,9725025900,http://www.dallasisd.org/frank,ZCTA5 75254,62569,5634,8958,743,37,10980,1514.2,72681.6,532,2249.75314990512,59.3882563072114
20,169,169,Kramer Elementary School,Elementary,32.9022179591,-96.7832749525,7131 Midbury Dr.,Dallas,75230,9727948300,http://www.dallasisd.org/kramer,ZCTA5 75230,105045,6577,4905,572,18,4474,1353.64705882353,64975.0588235294,191,2598.52643979058,38.9398572884811
21,167,167,Kleberg Elementary School,Elementary,32.6843439312,-96.6004923657,1450 Edd Rd.,Dallas,75253,9727496500,http://www.dallasisd.org/kleberg,ZCTA5 75253,46716,5051,2290,599,4,341,868.5,41688,252,1561.34472222222,110.043668122271
22,187,187,Moseley Elementary School,Elementary,32.6893560789,-96.6423472979,10400 Rylie Rd.,Dallas,75217,9727496700,http://www.dallasisd.org/moseley,ZCTA5 75217,44384,2417,10066,817,34,4458,966.076923076923,46371.6923076923,429,2454.56117370892,42.6187164712895
23,305,305,Halliday Elementary School,Elementary,32.6751280747,-96.6457861299,10210 Teagarden Rd.,Dallas,75217,9729251800,http://www.dallasisd.org/ebbyhalliday,ZCTA5 75217,44384,2417,10066,817,34,4458,966.076923076923,46371.6923076923,429,2454.56117370892,42.6187164712895
24,142,142,Ervin Elementary School,Elementary,32.6796411346,-96.762225544,3722 Black Oak Dr.,Dallas,75241,9727493700,http://www.dallasisd.org/ervin,ZCTA5 75241,38792,3242,4042,427,11,2233,931,44688,455,2550.79947019868,112.568035625928
25,301,301,Wilmer-Hutchins Elementary School,Elementary,32.6541887595,-96.7276952776,7475 J.J. Lemmon Rd.,Dallas,75241,9729252600,http://www.dallasisd.org/wilmerhutchinses,ZCTA5 75241,38792,3242,4042,427,11,2233,931,44688,455,2550.79947019868,112.568035625928
26,235,235,Alexander Elementary School,Elementary,32.6560092837,-96.8476434395,1830 Goldwood Dr.,Dallas,75232,9727493100,http://www.dallasisd.org/alexander,ZCTA5 75232,48768,4207,4059,479,13,2085,1042.33333333333,50032,328,3095.74978593272,80.8080808080808
27,175,175,U. Lee Elementary School,Elementary,32.6527723625,-96.8354665671,7808 Racine Dr.,Dallas,75232,9727493900,http://www.dallasisd.org/ulee,ZCTA5 75232,48768,4207,4059,479,13,2085,1042.33333333333,50032,328,3095.74978593272,80.8080808080808
28,264,264,McNair Elementary School,Elementary,32.6561794157,-96.8632707898,3150 Bainbridge Ave.,Dallas,75237,9727946200,http://www.dallasisd.org/mcnair,ZCTA5 75237,33740,3904,6878,539,26,7044,1130.25,54252,1057,2635.65085004776,153.678394882233
29,226,226,Weiss Elementary School,Elementary,32.6438279939,-96.8304693915,8601 Willoughby Blvd.,Dallas,75232,9727494000,http://www.dallasisd.org/weiss,ZCTA5 75232,48768,4207,4059,479,13,2085,1042.33333333333,50032,328,3095.74978593272,80.8080808080808
30,109,109,Blair Elementary School,Elementary,32.7087494902,-96.6887209599,7720 Gayglen Dr.,Dallas,75217,9727941600,http://www.dallasisd.org/blair,ZCTA5 75217,44384,2417,10066,817,34,4458,966.076923076923,46371.6923076923,429,2454.56117370892,42.6187164712895
31,117,117,Burleson Elementary School,Elementary,32.7187234035,-96.7131728867,6300 Elam Rd.,Dallas,75217,9727494500,http://www.dallasisd.org/burleson,ZCTA5 75217,44384,2417,10066,817,34,4458,966.076923076923,46371.6923076923,429,2454.56117370892,42.6187164712895
32,266,266,Douglass Elementary School,Elementary,32.7156069993,-96.6975001387,226 N. Jim Miller Rd.,Dallas,75217,9727941400,http://www.dallasisd.org/douglas,ZCTA5 75217,44384,2417,10066,817,34,4458,966.076923076923,46371.6923076923,429,2454.56117370892,42.6187164712895
33,108,108,Bayles Elementary School,Elementary,32.8010691042,-96.706053376,2444 Telegraph Ave.,Dallas,75228,9727498900,http://www.dallasisd.org/bayles,ZCTA5 75228,51018,1728,13200,716,73,11766,1013.2380952381,48635.4285714286,975,2446.88714285714,73.8636363636364
34,129,129,Conner Elementary School,Elementary,32.8082429297,-96.6947509794,3037 Greenmeadow Dr.,Dallas,75228,9727498200,http://www.dallasisd.org/conner,ZCTA5 75228,51018,1728,13200,716,73,11766,1013.2380952381,48635.4285714286,975,2446.88714285714,73.8636363636364
35,218,218,Truett Elementary School,Elementary,32.8164291217,-96.6834910235,1810 Inadale Ave.,Dallas,75228,9727498000,http://www.dallasisd.org/truett,ZCTA5 75228,51018,1728,13200,716,73,11766,1013.2380952381,48635.4285714286,975,2446.88714285714,73.8636363636364
36,216,216,Titche Elementary School,Elementary,32.7547624541,-96.6585570295,9560 Highfield Dr.,Dallas,75227,9727942100,http://www.dallasisd.org/titche,ZCTA5 75227,49744,3870,7934,770,35,4591,939.275862068965,45085.2413793103,572,2356.64802120141,72.0947819510966
37,139,139,Dunbar Learning Center,Elementary,32.7748272658,-96.7492012123,4200 Metropolitan Ave.,Dallas,75210,9727946600,http://www.dallasisd.org/dunbar,ZCTA5 75210,32852,6197,1934,338,13,1091,795.272727272727,38173.0909090909,191,1831.27439153439,98.7590486039297
38,240,240,Guzick Elementary School,Elementary,32.7847256406,-96.6927353866,5000 Berridge Ln,Dallas,75227,9725023900,http://www.dallasisd.org/guzick,ZCTA5 75227,49744,3870,7934,770,35,4591,939.275862068965,45085.2413793103,572,2356.64802120141,72.0947819510966
39,128,128,King Jr. Arts Academy,Choice,32.7610057072,-96.773497162,1817 Warren Ave.,Dallas,75215,9725028100,http://www.dallasisd.org/mlk,ZCTA5 75215,32077,2523,4759,504,69,3713,1018.03125,48865.5,433,2361.84223776224,90.985501155705
40,200,200,Rhoads Early Learning Center,Magnet,32.763420899,-96.7487277347,4401 Second Ave.,Dallas,75210,9727491000,http://www.dallasisd.org/rhoads,ZCTA5 75210,32852,6197,1934,338,13,1091,795.272727272727,38173.0909090909,191,1831.27439153439,98.7590486039297
41,201,201,Rice Learning Center,Elementary,32.7564893659,-96.7621251032,2425 Pine St.,Dallas,75215,9727491100,http://www.dallasisd.org/rice,ZCTA5 75215,32077,2523,4759,504,69,3713,1018.03125,48865.5,433,2361.84223776224,90.985501155705
42,232,232,Rowe Elementary School,Elementary,32.7854367888,-96.7067361767,4918 Hovenkamp Dr.,Dallas,75227,9727498000,http://www.dallasisd.org/rowe,ZCTA5 75227,49744,3870,7934,770,35,4591,939.275862068965,45085.2413793103,572,2356.64802120141,72.0947819510966
43,209,209,Silberstein Elementary School,Elementary,32.7672047123,-96.7205282452,3101 Lawnview Ave.,Dallas,75227,9727941900,http://www.dallasisd.org/silberstein,ZCTA5 75227,49744,3870,7934,770,35,4591,939.275862068965,45085.2413793103,572,2356.64802120141,72.0947819510966
44,155,155,Tatum Jr. Elementary School,Elementary,32.7633730004,-96.6555363313,3002 N. St. Augustine Rd.,Dallas,75227,9725022000,http://www.dallasisd.org/tatum,ZCTA5 75227,49744,3870,7934,770,35,4591,939.275862068965,45085.2413793103,572,2356.64802120141,72.0947819510966
45,247,247,Callejo Elementary School,Elementary,32.7713975373,-96.6866686066,7817 Military Pkwy,Dallas,75227,9728925700,http://www.dallasisd.org/callejo,ZCTA5 75227,49744,3870,7934,770,35,4591,939.275862068965,45085.2413793103,572,2356.64802120141,72.0947819510966
46,162,162,Mockingbird Elementary School,Elementary,32.8356231275,-96.7673403467,5828 E. Mockingbird Lane,Dallas,75206,9727497200,http://www.dallasisd.org/mockingbird,ZCTA5 75206,79468,4022,14844,783,229,21098,1553.75409836066,74580.1967213115,307,3255.77133986928,20.6817569388305
47,174,174,Geneva Heights Elementary School,Elementary,32.8241613814,-96.7663654548,2911 Delmar Ave.,Dallas,75206,9727497400,http://www.dallasisd.org/genevaheights,ZCTA5 75206,79468,4022,14844,783,229,21098,1553.75409836066,74580.1967213115,307,3255.77133986928,20.6817569388305
48,177,177,Lipscomb Elementary School,Elementary,32.8071617269,-96.7570223092,5801 Worth St.,Dallas,75214,9727947300,http://www.dallasisd.org/lipscomb,ZCTA5 75214,104583,16017,6648,520,135,5924,1195.30526315789,57374.652631579,327,3159.72599388379,49.187725631769
49,184,184,Milam Elementary School,Elementary,32.8163761399,-96.79015005,4200 McKinney Ave.,Dallas,75205,9727495600,http://www.dallasisd.org/milam,ZCTA5 75205,164409,15941,3726,413,87,4488,2424.77777777778,116389.333333333,21,4167.98380952381,5.63607085346216
50,203,203,Rogers Elementary School,Elementary,32.8520525583,-96.7516971646,5314 Abrams Rd.,Dallas,75214,9727948800,http://www.dallasisd.org/rogers,ZCTA5 75214,104583,16017,6648,520,135,5924,1195.30526315789,57374.652631579,327,3159.72599388379,49.187725631769
51,362,362,Ignite Middle School,Choice,32.8015229259,-96.7893276834,2211 Caddo St.,Dallas,75204,9727947700,http://www.dallasisd.org/jwray,ZCTA5 75204,83050,6061,14964,839,212,21239,1617.2030075188,77625.7443609023,509,3286.5915581854,34.0149692595563
52,281,281,Chavez Learning Center,Elementary,32.8037241573,-96.7805643946,1710 N. Carroll,Dallas,75204,9729251000,http://www.dallasisd.org/chavez,ZCTA5 75204,83050,6061,14964,839,212,21239,1617.2030075188,77625.7443609023,509,3286.5915581854,34.0149692595563
53,145,145,Foster Elementary School,Elementary,32.8699698341,-96.8537651574,3700 Clover Lane,Dallas,75220,9727948100,http://www.dallasisd.org/foster,ZCTA5 75220,51125,3645,9670,611,68,10285,1049.33333333333,50368,431,2149.24658139535,44.5708376421924
54,385,385,Montessori Academy at Hernandez Elementary School,Choice,32.8196698572,-96.8364166611,5555 Maple Ave.,Dallas,75235,9729252700,http://www.dallasisd.org/hernandez,ZCTA5 75235,49805,6926,6659,630,44,7701,1535.15625,73687.5,237,3890.41227848101,35.5909295690044
55,160,160,Personalized Learning Preparatory School at Sam Houston ES,Choice,32.8101330245,-96.8133479428,2827 Throckmorton,Dallas,75219,9727495800,http://www.dallasisd.org/houston,ZCTA5 75219,81205,9493,11005,805,178,15179,1773.67647058824,85136.4705882353,345,3673.01702941177,31.3493866424353
56,386,386,Solar Prepratory School for Boys,Choice,32.8100975873,-96.7744669326,1802 Moser Ave.,Dallas,75206,9727947100,http://www.dallasisd.org/kennedy,ZCTA5 75206,79468,4022,14844,783,229,21098,1553.75409836066,74580.1967213115,307,3255.77133986928,20.6817569388305
57,168,168,Knight Elementary School,Elementary,32.8368646116,-96.8518179082,2615 Anson Rd.,Dallas,75235,9727495300,http://www.dallasisd.org/knight,ZCTA5 75235,49805,6926,6659,630,44,7701,1535.15625,73687.5,237,3890.41227848101,35.5909295690044
58,181,181,Maple Lawn Elementary School,Elementary,32.8258842711,-96.8298570329,3120 Inwood Rd.,Dallas,75235,9729252500,http://www.dallasisd.org/maplelawn,ZCTA5 75235,49805,6926,6659,630,44,7701,1535.15625,73687.5,237,3890.41227848101,35.5909295690044
59,283,283,Medrano Elementary School,Elementary,32.8086328523,-96.8271367628,2221 Lucas Dr.,Dallas,75219,9727943300,http://www.dallasisd.org/hopemedrano,ZCTA5 75219,81205,9493,11005,805,178,15179,1773.67647058824,85136.4705882353,345,3673.01702941177,31.3493866424353
60,188,188,Mount Auburn STEAM Academy Elementary School,Elementary,32.7958304202,-96.7440270163,6012 E. Grand Ave.,Dallas,75223,9727498500,http://www.dallasisd.org/mountauburn,ZCTA5 75223,61505,2997,2505,353,12,753,888.625,42654,79,1866.67734177215,31.5369261477046
61,202,202,Roberts Elementary School,Elementary,32.7884957025,-96.7542106357,4919 E. Grand Ave.,Dallas,75223,9727498700,http://www.dallasisd.org/oranroberts,ZCTA5 75223,61505,2997,2505,353,12,753,888.625,42654,79,1866.67734177215,31.5369261477046
62,131,131,Zaragoza Elementary School,Elementary,32.7951542385,-96.7708661739,4550 Worth St.,Dallas,75246,9727498600,http://www.dallasisd.org/zaragoza,ZCTA5 75246,42722,10598,1042,216,48,975,1160.45454545455,55701.8181818182,46,2366.61652173913,44.1458733205374
63,122,122,Carr Elementary School,Elementary,32.7878756964,-96.8527365802,1952 Bayside St.,Dallas,75212,9727944300,http://www.dallasisd.org/carr,ZCTA5 75212,42115,4419,3799,392,11,3348,1359.25,65244,163,2567.1436196319,42.9060279020795
64,260,260,De Zavala Elementary School,Elementary,32.7811030273,-96.8390503692,3214 N. Winnetka Ave.,Dallas,75212,9728926400,http://www.dallasisd.org/dezavala,ZCTA5 75212,42115,4419,3799,392,11,3348,1359.25,65244,163,2567.1436196319,42.9060279020795
65,105,105,Arcadia Park Elementary School,Elementary,32.7593979413,-96.9105299529,1300 N. Justin Ave.,Dallas,75211,9725025300,http://www.dallasisd.org/arcadiapark,ZCTA5 75211,50368,3517,10462,893,59,8684,1197.28888888889,57469.8666666667,487,2699.90610766046,46.5494169374881
66,103,103,Allen Charter School,Elementary,32.7815129788,-96.9075593891,5220 Nomas St.,Dallas,75212,9727945100,http://www.dallasisd.org/allen,ZCTA5 75212,42115,4419,3799,392,11,3348,1359.25,65244,163,2567.1436196319,42.9060279020795
67,116,116,Burnet Elementary School,Elementary,32.8764477853,-96.8684176884,3200 Kinkaid Dr.,Dallas,75220,9727943000,http://www.dallasisd.org/burnet,ZCTA5 75220,51125,3645,9670,611,68,10285,1049.33333333333,50368,431,2149.24658139535,44.5708376421924
68,278,278,Cigarroa Elementary School,Elementary,32.8800261395,-96.8647487893,9990 Webb Chapel Rd,Dallas,75220,9725022900,http://www.dallasisd.org/cigarroa,ZCTA5 75220,51125,3645,9670,611,68,10285,1049.33333333333,50368,431,2149.24658139535,44.5708376421924
69,71,71,Dallas Environmental Science Academy,Magnet,32.7850452753,-96.8753819165,3531 N. Westmoreland Rd.,Dallas,75212,9727943950,http://www.dallasisd.org/desa,ZCTA5 75212,42115,4419,3799,392,11,3348,1359.25,65244,163,2567.1436196319,42.9060279020795
70,265,265,Martinez Learning Center,Elementary,32.7867807112,-96.8936949063,4500 Bernal Dr.,Dallas,75212,9727946900,http://www.dallasisd.org/martinez,ZCTA5 75212,42115,4419,3799,392,11,3348,1359.25,65244,163,2567.1436196319,42.9060279020795
71,271,271,Saldivar Elementary School,Elementary,32.8647686797,-96.8728113787,9510 Brockbank Dr.,Dallas,75220,9727942000,http://www.dallasisd.org/saldivar,ZCTA5 75220,51125,3645,9670,611,68,10285,1049.33333333333,50368,431,2149.24658139535,44.5708376421924
72,272,272,Moreno STEAM Academy,Elementary,32.7239646526,-96.858105261,2115 S. Hampton Rd.,Dallas,75224,9725023100,http://www.dallasisd.org/moreno,ZCTA5 75224,46137,4473,5767,594,28,3332,1024.04,49153.92,356,2467.85963380282,61.7305358071788
73,289,289,Botello Personalized Learning Academy,Elementary,32.7456278802,-96.8164097578,225 S. Marsalis Ave.,Dallas,75203,2149325179,http://www.dallasisd.org/botello,ZCTA5 75203,40079,3972,3996,340,99,4604,962.62,46205.76,275,3425.9347601476,68.8188188188188
74,112,112,Bowie Elementary School,Elementary,32.7523582413,-96.8148559369,330 N. Marsalis Ave.,Dallas,75203,9729256600,http://www.dallasisd.org/bowie,ZCTA5 75203,40079,3972,3996,340,99,4604,962.62,46205.76,275,3425.9347601476,68.8188188188188
75,130,130,Cowart Elementary School,Elementary,32.7280045305,-96.8699251602,1515 S. Ravinia,Dallas,75211,9727945500,http://www.dallasisd.org/cowart,ZCTA5 75211,50368,3517,10462,893,59,8684,1197.28888888889,57469.8666666667,487,2699.90610766046,46.5494169374881
76,136,136,Donald Elementary School,Elementary,32.7325166185,-96.8870725092,1218 Phinney Ave.,Dallas,75211,9727945300,http://www.dallasisd.org/donald,ZCTA5 75211,50368,3517,10462,893,59,8684,1197.28888888889,57469.8666666667,487,2699.90610766046,46.5494169374881
77,149,149,Hall Personalized Learning Academy at Oak Cliff,Elementary,32.7217354601,-96.8812530337,2120 Keats Dr.,Dallas,75211,9727945400,http://www.dallasisd.org/hall,ZCTA5 75211,50368,3517,10462,893,59,8684,1197.28888888889,57469.8666666667,487,2699.90610766046,46.5494169374881
78,152,152,Henderson Elementary School,Elementary,32.7239684714,-96.8439101864,2200 S. Edgefield St.,Dallas,75224,9727492900,http://www.dallasisd.org/henderson,ZCTA5 75224,46137,4473,5767,594,28,3332,1024.04,49153.92,356,2467.85963380282,61.7305358071788
79,157,157,Hogg New Tech Center,Elementary,32.7568738571,-96.825074554,1144 N. Madison Ave.,Dallas,75208,9725028600,http://www.dallasisd.org/hogg,ZCTA5 75208,68000,6647,5250,386,85,6708,1417.78378378378,68053.6216216216,259,2996.34100775194,49.3333333333333
80,158,158,Hooe Elementary School,Elementary,32.7407489308,-96.8574500203,2419 Gladstone Dr.,Dallas,75211,9727946700,http://www.dallasisd.org/hooe,ZCTA5 75211,50368,3517,10462,893,59,8684,1197.28888888889,57469.8666666667,487,2699.90610766046,46.5494169374881
81,275,275,Kahn Elementary School,Elementary,32.7512789358,-96.8598418475,610 N. Franklin St.,Dallas,75211,9725021400,http://www.dallasisd.org/kahn,ZCTA5 75211,50368,3517,10462,893,59,8684,1197.28888888889,57469.8666666667,487,2699.90610766046,46.5494169374881
82,190,190,Peabody Elementary School,Elementary,32.7428548031,-96.8729428573,3101 Raydell Place,Dallas,75211,9727945200,http://www.dallasisd.org/peabody,ZCTA5 75211,50368,3517,10462,893,59,8684,1197.28888888889,57469.8666666667,487,2699.90610766046,46.5494169374881
83,192,192,Peeler Elementary School,Elementary,32.7380615559,-96.8311797668,810 S. Llewellyn Ave.,Dallas,75208,9725028300,http://www.dallasisd.org/peeler,ZCTA5 75208,68000,6647,5250,386,85,6708,1417.78378378378,68053.6216216216,259,2996.34100775194,49.3333333333333
84,197,197,Bishop Arts STEAM Academy,Elementary,32.7468351168,-96.831144958,201 N. Adams Ave.,Dallas,75208,9725028200,http://www.dallasisd.org/,ZCTA5 75208,68000,6647,5250,386,85,6708,1417.78378378378,68053.6216216216,259,2996.34100775194,49.3333333333333
85,204,204,Rosemont Lower,Elementary,32.752692082,-96.850486419,1919 Stevens Forest Dr.,Dallas,75208,9727495000,http://www.dallasisd.org/rosemont,ZCTA5 75208,68000,6647,5250,386,85,6708,1417.78378378378,68053.6216216216,259,2996.34100775194,49.3333333333333
86,239,239,Salazar Elementary School,Elementary,32.7328055596,-96.8680256831,1120 S. Ravinia Dr.,Dallas,75211,9725021800,http://www.dallasisd.org/salazar,ZCTA5 75211,50368,3517,10462,893,59,8684,1197.28888888889,57469.8666666667,487,2699.90610766046,46.5494169374881
87,211,211,Stevens Park Elementary School,Elementary,32.760746342,-96.8648772887,2615 W. Colorado Blvd.,Dallas,75211,9727944200,http://www.dallasisd.org/stevenspark,ZCTA5 75211,50368,3517,10462,893,59,8684,1197.28888888889,57469.8666666667,487,2699.90610766046,46.5494169374881
88,229,229,Winnetka Elementary School,Elementary,32.7343949959,-96.845236208,1151 S. Edgefield Ave.,Dallas,75208,9727495100,http://www.dallasisd.org/winnetka,ZCTA5 75208,68000,6647,5250,386,85,6708,1417.78378378378,68053.6216216216,259,2996.34100775194,49.3333333333333
89,171,171,Lakewood Elementary School,Elementary,32.8257574936,-96.7437431735,3000 Hillbrook St.,Dallas,75214,9727497300,http://www.dallasisd.org/lakewood,ZCTA5 75214,104583,16017,6648,520,135,5924,1195.30526315789,57374.652631579,327,3159.72599388379,49.187725631769
90,125,125,Casa View Elementary School,Elementary,32.8454796558,-96.6747247244,2100 N. Farola Dr.,Dallas,75228,9727497700,http://www.dallasisd.org/casaview,ZCTA5 75228,51018,1728,13200,716,73,11766,1013.2380952381,48635.4285714286,975,2446.88714285714,73.8636363636364
91,147,147,Gill Elementary School,Elementary,32.8442081118,-96.6607181746,10910 Ferguson Rd.,Dallas,75228,9727498400,http://www.dallasisd.org/gill,ZCTA5 75228,51018,1728,13200,716,73,11766,1013.2380952381,48635.4285714286,975,2446.88714285714,73.8636363636364
92,153,153,Hexter Elementary School,Elementary,32.8492332049,-96.7095870726,9720 Waterview Rd.,Dallas,75218,9725025800,http://www.dallasisd.org/hexter,ZCTA5 75218,95500,11196,3443,326,12,2490,1309.1,62836.8,122,2241.14827868852,35.4342143479524
93,159,159,Hotchkiss Elementary School,Elementary,32.8586603393,-96.740495923,6929 Town North Dr.,Dallas,75231,9727497000,http://www.dallasisd.org/hotchkiss,ZCTA5 75231,45052,3207,14535,799,85,19970,1170.84848484848,56200.7272727273,649,2490.09473765432,44.6508427932577
94,166,166,Kiest Elementary School,Elementary,32.8258578102,-96.6705049482,2611 Healey Dr.,Dallas,75228,9725025600,http://www.dallasisd.org/kiest,ZCTA5 75228,51018,1728,13200,716,73,11766,1013.2380952381,48635.4285714286,975,2446.88714285714,73.8636363636364
95,198,198,Reilly Elementary School,Elementary,32.8547558336,-96.6883638743,11230 Lippitt Ave.,Dallas,75218,9727497800,http://www.dallasisd.org/reilly,ZCTA5 75218,95500,11196,3443,326,12,2490,1309.1,62836.8,122,2241.14827868852,35.4342143479524
96,199,199,Reinhardt Elementary School,Elementary,32.837013216,-96.6921961518,10122 Losa Dr.,Dallas,75218,9727497900,http://www.dallasisd.org/reinhardt,ZCTA5 75218,95500,11196,3443,326,12,2490,1309.1,62836.8,122,2241.14827868852,35.4342143479524
97,172,172,Brashear Elementary School,Elementary,32.7125809703,-96.8578544872,2959 S. Hampton Rd.,Dallas,75224,9725022600,http://www.dallasisd.org/brashear,ZCTA5 75224,46137,4473,5767,594,28,3332,1024.04,49153.92,356,2467.85963380282,61.7305358071788
98,183,183,Marsalis Elementary STEAM Academy,Elementary,32.6781729287,-96.8133369525,5640 S. Marsalis Ave.,Dallas,75241,9727493500,http://www.dallasisd.org/marsalis,ZCTA5 75241,38792,3242,4042,427,11,2233,931,44688,455,2550.79947019868,112.568035625928
99,210,210,Stemmons Elementary School,Elementary,32.7156592589,-96.9015246138,2727 Knoxville St.,Dallas,75211,9727944900,http://www.dallasisd.org/stemmons,ZCTA5 75211,50368,3517,10462,893,59,8684,1197.28888888889,57469.8666666667,487,2699.90610766046,46.5494169374881
100,213,213,Terry Elementary School,Elementary,32.6655542429,-96.8301939987,6661 Greenspan Ave.,Dallas,75232,9727493200,http://www.dallasisd.org/terry,ZCTA5 75232,48768,4207,4059,479,13,2085,1042.33333333333,50032,328,3095.74978593272,80.8080808080808
101,215,215,Fridia Elementary School,Elementary,32.6740916687,-96.7979531253,6011 Old Ox Rd.,Dallas,75241,9727948000,http://www.dallasisd.org/fridia,ZCTA5 75241,38792,3242,4042,427,11,2233,931,44688,455,2550.79947019868,112.568035625928
102,277,277,Tolbert Elementary School,Elementary,32.699123215,-96.8879090449,4000 Blue Ridge Rd.,Dallas,75233,9727945900,http://www.dallasisd.org/tolbert,ZCTA5 75233,57018,10050,2441,367,9,2104,1056.11111111111,50693.3333333333,261,2769.82607692308,106.923392052438
103,219,219,Turner Elementary School,Elementary,32.6784531557,-96.8423843038,5505 S. Polk St.,Dallas,75232,9727946300,http://www.dallasisd.org/turner,ZCTA5 75232,48768,4207,4059,479,13,2085,1042.33333333333,50032,328,3095.74978593272,80.8080808080808
104,225,225,Webster Elementary School,Elementary,32.6967911206,-96.8615358877,3815 S. Franklin St.,Dallas,75233,9727946100,http://www.dallasisd.org/webster,ZCTA5 75233,57018,10050,2441,367,9,2104,1056.11111111111,50693.3333333333,261,2769.82607692308,106.923392052438
105,274,274,Bethune Elementary School,Elementary,32.7265912058,-96.909780464,1665 Duncanville Rd.,Dallas,75211,9725021300,http://www.dallasisd.org/bethune,ZCTA5 75211,50368,3517,10462,893,59,8684,1197.28888888889,57469.8666666667,487,2699.90610766046,46.5494169374881
106,236,236,Cochran Elementary School,Elementary,32.7354840739,-96.9252509014,6000 Keeneland Pkwy.,Dallas,75211,9727944600,http://www.dallasisd.org/cochran,ZCTA5 75211,50368,3517,10462,893,59,8684,1197.28888888889,57469.8666666667,487,2699.90610766046,46.5494169374881
107,164,164,Jones Elementary School,Elementary,32.7429197328,-96.8848301654,3901 Meredith Ave.,Dallas,75211,9727944700,http://www.dallasisd.org/jones,ZCTA5 75211,50368,3517,10462,893,59,8684,1197.28888888889,57469.8666666667,487,2699.90610766046,46.5494169374881
108,287,287,Soto Jr. Elementary School,Elementary,32.7358791548,-96.8944364047,4510 West Jefferson Blvd.,Dallas,75211,9725025100,http://www.dallasisd.org/soto,ZCTA5 75211,50368,3517,10462,893,59,8684,1197.28888888889,57469.8666666667,487,2699.90610766046,46.5494169374881
109,114,114,Bryan Elementary School,Elementary,32.7115803642,-96.7950052556,2001 Deer Path Dr.,Dallas,75216,9725028500,http://www.dallasisd.org/bryan,ZCTA5 75216,31063,2551,9318,699,33,4216,954.620689655173,45821.7931034483,752,2382.64582109479,80.7040137368534
110,115,115,Budd Elementary School,Elementary,32.722065268,-96.8151441802,2121 S. Marsalis Ave.,Dallas,75216,9725028400,http://www.dallasisd.org/budd,ZCTA5 75216,31063,2551,9318,699,33,4216,954.620689655173,45821.7931034483,752,2382.64582109479,80.7040137368534
111,134,134,Dealey International Academy,Magnet,32.895756722,-96.7917710797,6501 Royal Lane,Dallas,75230,9727948400,http://www.dallasisd.org/dealey,ZCTA5 75230,105045,6577,4905,572,18,4474,1353.64705882353,64975.0588235294,191,2598.52643979058,38.9398572884811
112,6,6,Hillcrest High School,High,32.8831531849,-96.7846233847,9924 Hillcrest Rd.,Dallas,75230,9725026800,http://www.dallasisd.org/hillcrest,ZCTA5 75230,105045,6577,4905,572,18,4474,1353.64705882353,64975.0588235294,191,2598.52643979058,38.9398572884811
113,15,15,Seagoville High School,High,32.677563732,-96.5834545465,15920 Seagoville Rd.,Dallas,75253,9728925900,http://www.dallasisd.org/seagovillehs,ZCTA5 75253,46716,5051,2290,599,4,341,868.5,41688,252,1561.34472222222,110.043668122271
114,3,3,New Tech High School,Choice,32.691429627,-96.7910412232,4730 S. Lancaster Rd.,Dallas,75216,2149327600,http://www.dallasisd.org/newtech,ZCTA5 75216,31063,2551,9318,699,33,4216,954.620689655173,45821.7931034483,752,2382.64582109479,80.7040137368534
115,380,380,Wilmer-Hutchins High School,High,32.6565948791,-96.7297461194,5520 Langdon Rd.,Dallas,75241,9729252900,http://www.dallasisd.org/wilmerhutchinshs,ZCTA5 75241,38792,3242,4042,427,11,2233,931,44688,455,2550.79947019868,112.568035625928
116,23,23,Carter High School,High,32.6496796038,-96.8486231571,1819 W. Wheatland Rd.,Dallas,75232,2149325700,http://www.dallasisd.org/carter,ZCTA5 75232,48768,4207,4059,479,13,2085,1042.33333333333,50032,328,3095.74978593272,80.8080808080808
117,85,85,Gilliam Collegiate Academy,Magnet,32.6623079693,-96.795330446,1700 E. Camp Wisdom Rd.,Dallas,75241,2149327300,http://www.dallasisd.org/gilliam,ZCTA5 75241,38792,3242,4042,427,11,2233,931,44688,455,2550.79947019868,112.568035625928
118,32,32,Madison High School,High,32.7712909921,-96.7648608055,3000 Martin Luther King Blvd.,Dallas,75215,9729252800,http://www.dallasisd.org/madison,ZCTA5 75215,32077,2523,4759,504,69,3713,1018.03125,48865.5,433,2361.84223776224,90.985501155705
119,35,35,Rangel Young Women's Leadership School,Magnet,32.7739862977,-96.7602822716,1718 R.B. Cullum Blvd.,Dallas,75210,9727495200,http://www.dallasisd.org/rangel,ZCTA5 75210,32852,6197,1934,338,13,1091,795.272727272727,38173.0909090909,191,1831.27439153439,98.7590486039297
120,24,24,North Dallas High School,High,32.8097414455,-96.7956800708,3120 N. Haskell Ave.,Dallas,75204,9729251500,http://www.dallasisd.org/northdallas,ZCTA5 75204,83050,6061,14964,839,212,21239,1617.2030075188,77625.7443609023,509,3286.5915581854,34.0149692595563
121,22,22,Wilson High School,High,32.80608098,-96.751499417,100 S. Glasgow Dr.,Dallas,75214,9725024400,http://www.dallasisd.org/woodrow,ZCTA5 75214,104583,16017,6648,520,135,5924,1195.30526315789,57374.652631579,327,3159.72599388379,49.187725631769
122,90,90,Lassiter Early College at El Centro,Magnet,32.7797421559,-96.8052969586,701 Elm St.,Dallas,75202,2148602356,http://www.dallasisd.org/lassiter,ZCTA5 75202,86827,19698,1006,214,9,2215,2804,134592,301,4135.37053156146,299.204771371769
123,217,217,Travis Academy for Talented and Gifted,Magnet,32.8004799825,-96.8017415268,3001 McKinney Ave.,Dallas,75204,9727947500,http://www.dallasisd.org/travis,ZCTA5 75204,83050,6061,14964,839,212,21239,1617.2030075188,77625.7443609023,509,3286.5915581854,34.0149692595563
124,34,34,Washington High School for the Performing and Visual Arts,Magnet,32.7916596483,-96.7970046818,2501 Flora St.,Dallas,75201,9729251200,http://www.dallasisd.org/bookert,ZCTA5 75201,95907,8997,9969,662,63,15407,2267.6862745098,108848.941176471,534,3831.70046816479,53.5660547697863
125,30,30,Angelou High School,Alternative,32.7045254663,-96.8245795003,4401 Second Ave.,Dallas,75210,9727492263,http://www.dallasisd.org/angelou,ZCTA5 75210,32852,6197,1934,338,13,1091,795.272727272727,38173.0909090909,191,1831.27439153439,98.7590486039297
126,4,4,Multiple Careers Magnet Center,Alternative,32.8075625421,-96.7845319056,4528 Rusk Ave.,Dallas,75204,9729252200,http://www.dallasisd.org/mcmc,ZCTA5 75204,83050,6061,14964,839,212,21239,1617.2030075188,77625.7443609023,509,3286.5915581854,34.0149692595563
127,270,270,Mata Montessori School,Choice,32.8063604716,-96.7315975388,7420 La Vista Dr.,Dallas,75214,9727497500,http://www.dallasisd.org/mata,ZCTA5 75214,104583,16017,6648,520,135,5924,1195.30526315789,57374.652631579,327,3159.72599388379,49.187725631769
128,12,12,Pinkston High School,High,32.7864088285,-96.8660311766,2815 Bickers St.,Dallas,75212,9725022700,http://www.dallasisd.org/pinkston,ZCTA5 75212,42115,4419,3799,392,11,3348,1359.25,65244,163,2567.1436196319,42.9060279020795
129,2,2,Adamson High School,High,32.7484298663,-96.820493104,309 E. Ninth St.,Dallas,75203,9727491400,http://www.dallasisd.org/adamson,ZCTA5 75203,40079,3972,3996,340,99,4604,962.62,46205.76,275,3425.9347601476,68.8188188188188
130,18,18,Sunset High School,High,32.7461716718,-96.854437313,2120 W. Jefferson Blvd.,Dallas,75208,9725021500,http://www.dallasisd.org/sunset,ZCTA5 75208,68000,6647,5250,386,85,6708,1417.78378378378,68053.6216216216,259,2996.34100775194,49.3333333333333
131,1,1,Adams High School Leadership Academy,High,32.8279027155,-96.6828964807,2101 Millmar Dr.,Dallas,75228,9725024900,http://www.dallasisd.org/bryanadams,ZCTA5 75228,51018,1728,13200,716,73,11766,1013.2380952381,48635.4285714286,975,2446.88714285714,73.8636363636364
132,212,212,Stone Montessori Academy,Magnet,32.6932103659,-96.7830744528,4747 Veterans Dr.,Dallas,75216,9727943400,http://www.dallasisd.org/stone,ZCTA5 75216,31063,2551,9318,699,33,4216,954.620689655173,45821.7931034483,752,2382.64582109479,80.7040137368534
133,8,8,Kimball High School,High,32.6982419424,-96.8763992456,3606 S. Westmoreland Rd.,Dallas,75233,9725022100,http://www.dallasisd.org/kimball,ZCTA5 75233,57018,10050,2441,367,9,2104,1056.11111111111,50693.3333333333,261,2769.82607692308,106.923392052438
134,88,88,Garza Early College at Mt. View,Magnet,32.725445037,-96.9046154038,4849 W. Illinois Ave. Rm.W53A,Dallas,75211,2148603680,http://www.dallasisd.org/garza,ZCTA5 75211,50368,3517,10462,893,59,8684,1197.28888888889,57469.8666666667,487,2699.90610766046,46.5494169374881
135,5,5,Molina High School,High,32.722698351,-96.910364038,2355 Duncanville Rd.,Dallas,75211,9725021000,http://www.dallasisd.org/molina,ZCTA5 75211,50368,3517,10462,893,59,8684,1197.28888888889,57469.8666666667,487,2699.90610766046,46.5494169374881
136,10,10,Lincoln Humanities/Communications Magnet,Magnet,32.7548027086,-96.7496989027,2826 Hatcher St.,Dallas,75215,9729257600,http://www.dallasisd.org/lincoln,ZCTA5 75215,32077,2523,4759,504,69,3713,1018.03125,48865.5,433,2361.84223776224,90.985501155705
137,840,840,Skyline CDC High School,Magnet,32.7805094495,-96.6905499175,7777 Forney Rd.,Dallas,75227,9725023400,http://www.dallasisd.org/skyline,ZCTA5 75227,49744,3870,7934,770,35,4591,939.275862068965,45085.2413793103,572,2356.64802120141,72.0947819510966
138,828,828,Polk TAG Elementary School,Magnet,32.8422570352,-96.8316838668,6911 Victoria Ave.,Dallas,75209,9727948900,http://www.dallasisd.org/polk,ZCTA5 75209,103130,9643,2673,439,15,1788,1589.61538461538,76301.5384615385,83,2933.60686746988,31.0512532734755
139,804,804,Spence Talented/Gifted Academy,Magnet,32.8078253858,-96.78800049,4001 Capitol Ave.,Dallas,75204,9729252300,http://www.dallasisd.org/spence,ZCTA5 75204,83050,6061,14964,839,212,21239,1617.2030075188,77625.7443609023,509,3286.5915581854,34.0149692595563
140,827,827,Moroles Expressive Arts Vanguard,Magnet,32.7689130161,-96.8440924457,1400 Walmsley Ave.,Dallas,75208,9727944400,http://www.dallasisd.org/,ZCTA5 75208,68000,6647,5250,386,85,6708,1417.78378378378,68053.6216216216,259,2996.34100775194,49.3333333333333
141,805,805,Greiner Exploratory Arts Academy,Magnet,32.7400038316,-96.8449479948,501 S. Edgefield Ave.,Dallas,75208,9729257100,http://www.dallasisd.org/greineracademy,ZCTA5 75208,68000,6647,5250,386,85,6708,1417.78378378378,68053.6216216216,259,2996.34100775194,49.3333333333333
142,359,359,Rosemont Upper,Magnet,32.7516706133,-96.8473490561,719 N. Montclair Ave.,Dallas,75208,9727495000,http://www.dallasisd.org/rosemont,ZCTA5 75208,68000,6647,5250,386,85,6708,1417.78378378378,68053.6216216216,259,2996.34100775194,49.3333333333333
143,803,803,Bedford Jr. Law Academy,Magnet,32.6777653826,-96.8417545117,1303 Reynoldston Lane,Dallas,75232,9727946400,http://www.dallasisd.org/bedfordacademy,ZCTA5 75232,48768,4207,4059,479,13,2085,1042.33333333333,50032,328,3095.74978593272,80.8080808080808
144,60,60,Storey Middle School,Middle,32.7085560155,-96.8120841342,3000 Maryland Ave.,Dallas,75216,9729258700,http://www.dallasisd.org/storey,ZCTA5 75216,31063,2551,9318,699,33,4216,954.620689655173,45821.7931034483,752,2382.64582109479,80.7040137368534
145,54,54,Marsh Preparatory Academy Middle School,Middle,32.9113334362,-96.8501017984,3838 Crown Shore Dr.,Dallas,75244,9725026600,http://www.dallasisd.org/marsh,ZCTA5 75244,100485,10970,2875,283,18,4750,1984.15384615385,95239.3846153846,249,2255.90240963855,86.6086956521739
146,56,56,Walker Middle School,Middle,32.9193928343,-96.809889233,12532 Nuestra Dr.,Dallas,75230,9725026100,http://www.dallasisd.org/walker,ZCTA5 75230,105045,6577,4905,572,18,4474,1353.64705882353,64975.0588235294,191,2598.52643979058,38.9398572884811
147,83,83,Tasby Middle School,Middle,32.8724841363,-96.7599438618,7001 Fair Oaks Ave.,Dallas,75231,9725021900,http://www.dallasisd.org/tasby,ZCTA5 75231,45052,3207,14535,799,85,19970,1170.84848484848,56200.7272727273,649,2490.09473765432,44.6508427932577
148,46,46,Young Men's Leadership Academy at Fred F. Florence Middle School,Middle,32.7414898138,-96.6493040502,1625 N. Masters Dr.,Dallas,75217,9727496000,http://www.dallasisd.org/florence,ZCTA5 75217,44384,2417,10066,817,34,4458,966.076923076923,46371.6923076923,429,2454.56117370892,42.6187164712895
149,45,45,Comstock Middle School,Middle,32.7210504767,-96.7021210802,7044 Hodde St.,Dallas,75217,9727941300,http://www.dallasisd.org/comstock,ZCTA5 75217,44384,2417,10066,817,34,4458,966.076923076923,46371.6923076923,429,2454.56117370892,42.6187164712895
150,52,52,Piedmont Global Academy Middle School,Middle,32.7584583776,-96.6911383463,7625 Hume Dr.,Dallas,75227,9727494100,http://www.dallasisd.org/hood,ZCTA5 75227,49744,3870,7934,770,35,4591,939.275862068965,45085.2413793103,572,2356.64802120141,72.0947819510966
151,352,352,Young Women's STEAM Academy at Balch Springs Middle School,Middle,32.7256384427,-96.6383761801,710 Cheyenne Rd.,Balch Spr,75180,9728925800,http://www.dallasisd.org/balchsprings,ZCTA5 75180,54670,6286,2688,333,18,2666,1043.13333333333,50070.4,296,2321.96598615917,110.119047619048
152,42,42,Bedford Jr. Middle School,Middle,32.6777653826,-96.8417545117,1303 Reynoldston Lane,Dallas,75232,9727946400,http://www.dallasisd.org/bedfordcademy,ZCTA5 75232,48768,4207,4059,479,13,2085,1042.33333333333,50032,328,3095.74978593272,80.8080808080808
153,58,58,Spence Middle School,Middle,32.8078253858,-96.78800049,4001 Capitol Ave.,Dallas,75204,9729252300,http://www.dallasisd.org/spence,ZCTA5 75204,83050,6061,14964,839,212,21239,1617.2030075188,77625.7443609023,509,3286.5915581854,34.0149692595563
154,49,49,Greiner Middle School,Middle,32.7400038316,-96.8449479948,501 S. Edgefield Ave.,Dallas,75208,9729257100,http://www.dallasisd.org/greineracademy,ZCTA5 75208,68000,6647,5250,386,85,6708,1417.78378378378,68053.6216216216,259,2996.34100775194,49.3333333333333
155,163,163,Cedar Crest Elementary School,Elementary,32.7374571299,-96.792954997,2020 Mouser St.,Dallas,75203,9729257400,http://www.dallasisd.org/cedarcrest,ZCTA5 75203,40079,3972,3996,340,99,4604,962.62,46205.76,275,3425.9347601476,68.8188188188188
156,178,178,Holland at Lisbon Elementary School,Elementary,32.6973753196,-96.795804659,4203 S. Lancaster Rd.,Dallas,75216,9727491900,http://www.dallasisd.org/holland,ZCTA5 75216,31063,2551,9318,699,33,4216,954.620689655173,45821.7931034483,752,2382.64582109479,80.7040137368534
157,185,185,Miller Elementary School,Elementary,32.7186785073,-96.7802179791,3111 Bonnie View Rd.,Dallas,75216,9725028700,http://www.dallasisd.org/miller,ZCTA5 75216,31063,2551,9318,699,33,4216,954.620689655173,45821.7931034483,752,2382.64582109479,80.7040137368534
158,186,186,Trinity Heights Gifted and Talented,Magnet,32.7329811527,-96.8023252429,1515 Lynn Haven Ave.,Dallas,75216,9729257500,http://www.dallasisd.org/trinityheights,ZCTA5 75216,31063,2551,9318,699,33,4216,954.620689655173,45821.7931034483,752,2382.64582109479,80.7040137368534
159,189,189,Oliver Elementary School,Elementary,32.6949230961,-96.8109820477,4010 Idaho Ave.,Dallas,75216,9727493400,http://www.dallasisd.org/oliver,ZCTA5 75216,31063,2551,9318,699,33,4216,954.620689655173,45821.7931034483,752,2382.64582109479,80.7040137368534
160,121,121,Carpenter Elementary School,Elementary,32.6957419055,-96.8530153166,2121 Tosca Lane,Dallas,75224,9727946000,http://www.dallasisd.org/carpenter,ZCTA5 75224,46137,4473,5767,594,28,3332,1024.04,49153.92,356,2467.85963380282,61.7305358071788
161,133,133,Jordan Elementary School,Elementary,32.7065459057,-96.8416729307,1111 W. Kiest Blvd.,Dallas,75224,9729258100,http://www.dallasisd.org/jordan,ZCTA5 75224,46137,4473,5767,594,28,3332,1024.04,49153.92,356,2467.85963380282,61.7305358071788
162,205,205,Russell Elementary School,Elementary,32.7085823465,-96.8238799806,3031 S. Beckley Ave.,Dallas,75224,9729258300,http://www.dallasisd.org/russell,ZCTA5 75224,46137,4473,5767,594,28,3332,1024.04,49153.92,356,2467.85963380282,61.7305358071788
163,233,233,Nathan Adams Elementary School,Elementary,32.9215143694,-96.8282629848,12600 Welch Rd.,Dallas,75244,9727942600,http://www.dallasisd.org/nathanadams,ZCTA5 75244,100485,10970,2875,283,18,4750,1984.15384615385,95239.3846153846,249,2255.90240963855,86.6086956521739
164,120,120,Caillet Elementary School,Elementary,32.8887278628,-96.8745228648,3033 Merrell Rd.,Dallas,75229,9727943200,http://www.dallasisd.org/caillet,ZCTA5 75229,107886,7040,3630,348,13,3111,1269.18181818182,60920.7272727273,128,2785.111640625,35.2617079889807
165,135,135,DeGolyer Elementary School,Elementary,32.9041902882,-96.8614568797,3453 Flair Dr.,Dallas,75229,9727942800,http://www.dallasisd.org/degolyer,ZCTA5 75229,107886,7040,3630,348,13,3111,1269.18181818182,60920.7272727273,128,2785.111640625,35.2617079889807
166,148,148,Gooch Elementary School,Elementary,32.9169580984,-96.8445515872,4030 Calculus Rd.,Dallas,75244,9727942500,http://www.dallasisd.org/gooch,ZCTA5 75244,100485,10970,2875,283,18,4750,1984.15384615385,95239.3846153846,249,2255.90240963855,86.6086956521739
167,182,182,Marcus Elementary School,Elementary,32.9046274756,-96.8800230787,2911 Northaven,Dallas,75229,9727942900,http://www.dallasisd.org/marcus,ZCTA5 75229,107886,7040,3630,348,13,3111,1269.18181818182,60920.7272727273,128,2785.111640625,35.2617079889807
168,193,193,Pershing Elementary School,Elementary,32.8875966157,-96.8098484196,5715 Meaders Lane,Dallas,75229,9727948600,http://www.dallasisd.org/pershing,ZCTA5 75229,107886,7040,3630,348,13,3111,1269.18181818182,60920.7272727273,128,2785.111640625,35.2617079889807
169,224,224,Walnut Hill Elementary School,Elementary,32.8828713826,-96.8395771348,10115 Midway Rd.,Dallas,75229,9725027800,http://www.dallasisd.org/walnuthill,ZCTA5 75229,107886,7040,3630,348,13,3111,1269.18181818182,60920.7272727273,128,2785.111640625,35.2617079889807
170,230,230,Withers Elementary School,Elementary,32.9032458711,-96.8459076785,3959 Northaven Rd.,Dallas,75229,9727945000,http://www.dallasisd.org/withers,ZCTA5 75229,107886,7040,3630,348,13,3111,1269.18181818182,60920.7272727273,128,2785.111640625,35.2617079889807
171,195,195,Preston Hollow Elementary School,Elementary,32.880656822,-96.7956083982,6423 Walnut Hill Lane,Dallas,75230,9727948500,http://www.dallasisd.org/prestonhollow,ZCTA5 75230,105045,6577,4905,572,18,4474,1353.64705882353,64975.0588235294,191,2598.52643979058,38.9398572884811
172,384,384,Williams TAG Academy,Magnet,32.8549575309,-96.8312233918,4518 Pomona Rd.,Dallas,75209,9727948700,http://www.dallasisd.org/williams,ZCTA5 75209,103130,9643,2673,439,15,1788,1589.61538461538,76301.5384615385,83,2933.60686746988,31.0512532734755
173,176,176,Lowe Sr. Elementary School,Elementary,32.873117031,-96.7607039586,7000 Holly Hill Dr.,Dallas,75231,9725021700,http://www.dallasisd.org/lowe,ZCTA5 75231,45052,3207,14535,799,85,19970,1170.84848484848,56200.7272727273,649,2490.09473765432,44.6508427932577
174,286,286,McShan Jr. Elementary School,Elementary,32.8883730565,-96.7609859894,8307 Meadow Rd.,Dallas,75231,9725023800,http://www.dallasisd.org/mcshan,ZCTA5 75231,45052,3207,14535,799,85,19970,1170.84848484848,56200.7272727273,649,2490.09473765432,44.6508427932577
175,141,141,Stone Elementary School,Elementary,32.8691362438,-96.7528486349,6321 Ridgecrest Rd.,Dallas,75231,9725027900,http://www.dallasisd.org/jillstone,ZCTA5 75231,45052,3207,14535,799,85,19970,1170.84848484848,56200.7272727273,649,2490.09473765432,44.6508427932577
176,101,101,John Q. Adams Elementary School,Elementary,32.7351139306,-96.6797843634,8239 Lake June Rd.,Dallas,75217,9727941200,http://www.dallasisd.org/jqadams,ZCTA5 75217,44384,2417,10066,817,34,4458,966.076923076923,46371.6923076923,429,2454.56117370892,42.6187164712895
177,104,104,Anderson Elementary School,Elementary,32.722292347,-96.6555929423,620 N. St. Augustine Dr.,Dallas,75217,9727496200,http://www.dallasisd.org/anderson,ZCTA5 75217,44384,2417,10066,817,34,4458,966.076923076923,46371.6923076923,429,2454.56117370892,42.6187164712895
178,110,110,Blanton Elementary School,Elementary,32.7519203265,-96.6686908921,8915 Greenmound Ave.,Dallas,75227,9727941700,http://www.dallasisd.org/blanton,ZCTA5 75227,49744,3870,7934,770,35,4591,939.275862068965,45085.2413793103,572,2356.64802120141,72.0947819510966
179,276,276,Cuellar Sr. Elementary School,Elementary,32.7170480824,-96.6431336763,337 Pleasant Vista Dr.,Dallas,75217,9727496400,http://www.dallasisd.org/cuellar,ZCTA5 75217,44384,2417,10066,817,34,4458,966.076923076923,46371.6923076923,429,2454.56117370892,42.6187164712895
180,137,137,Dorsey Leadership Academy,Elementary,32.7130239738,-96.6581855516,133 N. St. Augustine,Dallas,75217,9727496300,http://www.dallasisd.org/dorsey,ZCTA5 75217,44384,2417,10066,817,34,4458,966.076923076923,46371.6923076923,429,2454.56117370892,42.6187164712895
181,156,156,Hawthorne Elementary School,Elementary,32.7421255807,-96.6888006348,7800 Umphress Rd.,Dallas,75217,9727494700,http://www.dallasisd.org/hawthorne,ZCTA5 75217,44384,2417,10066,817,34,4458,966.076923076923,46371.6923076923,429,2454.56117370892,42.6187164712895
182,170,170,Lagow Elementary School,Elementary,32.7024324936,-96.636726076,637 Edgeworth Dr.,Dallas,75217,9727496600,http://www.dallasisd.org/lagow,ZCTA5 75217,44384,2417,10066,817,34,4458,966.076923076923,46371.6923076923,429,2454.56117370892,42.6187164712895
183,180,180,Macon Elementary School,Elementary,32.7225185193,-96.6735568034,650 Holcomb Rd.,Dallas,75217,9727941500,http://www.dallasisd.org/macon,ZCTA5 75217,44384,2417,10066,817,34,4458,966.076923076923,46371.6923076923,429,2454.56117370892,42.6187164712895
184,363,363,School for the Talented and Gifted in Pleasant Grove,Magnet,32.747955197,-96.6561010383,9610 Bruton Rd,Dallas,75217,9729253335,http://www.dallasisd.org/pleasantgrovetag,ZCTA5 75217,44384,2417,10066,817,34,4458,966.076923076923,46371.6923076923,429,2454.56117370892,42.6187164712895
185,237,237,Runyon Elementary School,Elementary,32.7404216193,-96.6410406646,10750 Cradlerock Dr.,Dallas,75217,9727496100,http://www.dallasisd.org/runyon,ZCTA5 75217,44384,2417,10066,817,34,4458,966.076923076923,46371.6923076923,429,2454.56117370892,42.6187164712895
186,234,234,Gonzalez Personalized Learning Academy,Elementary,32.7339725717,-96.7077700199,6610 Lake June Rd.,Dallas,75217,9725023300,http://www.dallasisd.org/gonzalez,ZCTA5 75217,44384,2417,10066,817,34,4458,966.076923076923,46371.6923076923,429,2454.56117370892,42.6187164712895
187,161,161,Mendez CREW Leadership Academy,Elementary,32.7395656759,-96.7013986547,1515 N. Jim Miller Rd.,Dallas,75217,9727494900,http://www.dallasisd.org/,ZCTA5 75217,44384,2417,10066,817,34,4458,966.076923076923,46371.6923076923,429,2454.56117370892,42.6187164712895
188,207,207,San Jacinto Elementary School,Elementary,32.7569713518,-96.6859519182,7900 Hume Dr.,Dallas,75227,9727494200,http://www.dallasisd.org/sanjacinto,ZCTA5 75227,49744,3870,7934,770,35,4591,939.275862068965,45085.2413793103,572,2356.64802120141,72.0947819510966
189,222,222,Urban Park Elementary School,Elementary,32.7739152013,-96.7016532179,6901 Military Pkwy.,Dallas,75227,9727941100,http://www.dallasisd.org/urbanpark,ZCTA5 75227,49744,3870,7934,770,35,4591,939.275862068965,45085.2413793103,572,2356.64802120141,72.0947819510966
190,303,303,Richardson Elementary School,Elementary,32.7504088437,-96.6940324958,7203 Bruton Rd.,Dallas,75217,9728928100,http://www.dallasisd.org/richardson,ZCTA5 75217,44384,2417,10066,817,34,4458,966.076923076923,46371.6923076923,429,2454.56117370892,42.6187164712895
191,119,119,Chapel Hill Preparatory School,Elementary,32.9180539029,-96.8657940626,12701 Templeton Trail,Dallas,75234,9727942400,http://www.dallasisd.org/chapelhill,ZCTA5 75234,74932,5192,4436,431,30,7723,1597.1724137931,76664.275862069,286,2284.77921428571,64.4724977457169
192,279,279,Junkins Elementary School,Elementary,32.973787008,-96.8563156903,2808 Running Duke Dr.,Carrollton,75006,9725022400,http://www.dallasisd.org/junkins,ZCTA5 75006,73088,5455,8858,509,51,9137,1358.97435897436,65230.7692307692,339,2221.00078549849,38.2704899525852
193,304,304,Bush Elementary School,Elementary,32.9418265185,-96.8498252729,3939 Spring Valley Rd.,Addison,75001,9729251700,http://www.dallasisd.org/georgehwbush,ZCTA5 75001,73383,3554,7433,556,21,9979,1714.21052631579,82282.1052631579,429,2405.49107913669,57.7155926274721
194,154,154,Smith Elementary School,Elementary,32.8328126665,-96.6588347755,5229 Gus Thomasson Rd.,Mesquite,75150,9725024800,http://www.dallasisd.org/lgsmith,ZCTA5 75150,61423,4772,11521,732,49,10608,1211.09302325581,58132.4651162791,867,2388.3097337963,75.25388421144
195,126,126,Central Elementary School,Elementary,32.6581997799,-96.5376235508,902 Shady Lane,Seagoville,75159,9727496800,http://www.dallasisd.org/central,ZCTA5 75159,63543,6830,1406,303,6,437,919.333333333333,44128,92,2317.91988888889,65.4338549075391
196,208,208,Seagoville Elementary School,Elementary,32.6408254376,-96.5401376757,304 N. Kaufman St.,Seagoville,75159,9728927900,http://www.dallasisd.org/seagovillees,ZCTA5 75159,63543,6830,1406,303,6,437,919.333333333333,44128,92,2317.91988888889,65.4338549075391
197,244,244,Seagoville North Elementary,Elementary,32.6586099727,-96.5573245072,1906 Seagoville Rd.,Seagoville,75159,9728925300,http://www.dallasisd.org/seagovillenorth,ZCTA5 75159,63543,6830,1406,303,6,437,919.333333333333,44128,92,2317.91988888889,65.4338549075391
198,173,173,Moroles Elementary School,Elementary,32.7689130161,-96.8440924457,1400 Walmsley Ave.,Dallas,75208,9727944400,http://www.dallasisd.org/,ZCTA5 75208,68000,6647,5250,386,85,6708,1417.78378378378,68053.6216216216,259,2996.34100775194,49.3333333333333
199,194,194,Polk Elementary School,Elementary,32.8422570352,-96.8316838668,6911 Victoria Ave.,Dallas,75209,9727948900,http://www.dallasisd.org/polk,ZCTA5 75209,103130,9643,2673,439,15,1788,1589.61538461538,76301.5384615385,83,2933.60686746988,31.0512532734755
200,220,220,Twain School for the Talented and Gifted,Magnet,32.6839731634,-96.8334008371,724 Green Cove Lane,Dallas,75232,9727493000,http://www.dallasisd.org/twain,ZCTA5 75232,48768,4207,4059,479,13,2085,1042.33333333333,50032,328,3095.74978593272,80.8080808080808
201,107,107,May Elementary School,Elementary,32.8716906225,-96.8750199591,9818 Brockbank Dr.,Dallas,75220,9729253700,Http://www.dallasisd.org/joemay,ZCTA5 75220,51125,3645,9670,611,68,10285,1049.33333333333,50368,431,2149.24658139535,44.5708376421924
202,13,13,Roosevelt High School of Innovation,High,32.7422883018,-96.7967158063,525 Bonnie View Rd.,Dallas,75203,9729256800,http://www.dallasisd.org/roosevelt,ZCTA5 75203,40079,3972,3996,340,99,4604,962.62,46205.76,275,3425.9347601476,68.8188188188188
203,16,16,South Oak Cliff High School,High,32.6995579864,-96.8162421471,3601 S. Marsalis Ave.,Dallas,75216,2149327000,http://www.dallasisd.org/soc,ZCTA5 75216,31063,2551,9318,699,33,4216,954.620689655173,45821.7931034483,752,2382.64582109479,80.7040137368534
204,241,241,Manns Elementary School for DAEP,Alternative,32.7045254663,-96.8245795003,3313 S. Beckley Ave.,Dallas,75224,9728928000,http://www.dallasisd.org/daep,ZCTA5 75224,46137,4473,5767,594,28,3332,1024.04,49153.92,356,2467.85963380282,61.7305358071788
205,11,11,Manns Middle School for DAEP,Alternative,32.7045254663,-96.8245795003,3313 S. Beckley Ave.,Dallas,75224,9729257060,http://www.dallasisd.org/lacey,ZCTA5 75224,46137,4473,5767,594,28,3332,1024.04,49153.92,356,2467.85963380282,61.7305358071788
206,29,29,Manns High School for DAEP,Alternative,32.7045254663,-96.8245795003,3313 S. Beckley Ave.,Dallas,75224,9729257000,http://www.dallasisd.org/scgc,ZCTA5 75224,46137,4473,5767,594,28,3332,1024.04,49153.92,356,2467.85963380282,61.7305358071788
207,41,41,Ewell Townview Center,Magnet,32.7525579264,-96.8071708605,1201 E. Eighth St.,Dallas,75203,9729255900,,ZCTA5 75203,40079,3972,3996,340,99,4604,962.62,46205.76,275,3425.9347601476,68.8188188188188
208,7,7,Jefferson High School,High,32.8819061774,-96.8449502786,4001 Walnut Hill Lane,Dallas,75229,9725027300,http://www.dallasisd.org/tjefferson,ZCTA5 75229,107886,7040,3630,348,13,3111,1269.18181818182,60920.7272727273,128,2785.111640625,35.2617079889807
209,21,21,White High School,High,32.9168578495,-96.8316701625,4505 Ridgeside Dr.,Dallas,75244,9725026200,http://www.dallasisd.org/wtwhite,ZCTA5 75244,100485,10970,2875,283,18,4750,1984.15384615385,95239.3846153846,249,2255.90240963855,86.6086956521739
210,73,73,Longfellow Career Exploration Academy,Magnet,32.8482929054,-96.8201885355,5314 Boaz St.,Dallas,75209,9727495400,http://www.dallasisd.org/longfellow,ZCTA5 75209,103130,9643,2673,439,15,1788,1589.61538461538,76301.5384615385,83,2933.60686746988,31.0512532734755
211,28,28,Conrad High School,High,32.876382604,-96.7519045947,7502 Fair Oaks Ave.,Dallas,75231,9725022300,http://www.dallasisd.org/conrad,ZCTA5 75231,45052,3207,14535,799,85,19970,1170.84848484848,56200.7272727273,649,2490.09473765432,44.6508427932577
212,14,14,Samuell High School,High,32.7453192377,-96.6676604233,8928 Palisade Dr.,Dallas,75217,9728925100,http://www.dallasisd.org/samuell,ZCTA5 75217,44384,2417,10066,817,34,4458,966.076923076923,46371.6923076923,429,2454.56117370892,42.6187164712895
213,17,17,Spruce High School,High,32.7105045574,-96.6538519206,9733 Old Seagoville Rd.,Dallas,75217,9728925500,http://www.dallasisd.org/spruce,ZCTA5 75217,44384,2417,10066,817,34,4458,966.076923076923,46371.6923076923,429,2454.56117370892,42.6187164712895
214,382,382,IDEA at Fannin PLC High School,Choice,32.8053969193,-96.7760896528,4800 Ross Ave.,Dallas,75204,9727946800,http://www.dallasisd.org/idea,ZCTA5 75204,83050,6061,14964,839,212,21239,1617.2030075188,77625.7443609023,509,3286.5915581854,34.0149692595563
215,285,285,Harllee EC Center,Magnet,32.7504300373,-96.8058707185,1216 E. Eighth St.,Dallas,75203,9729256500,http://www.dallasisd.org/harllee,ZCTA5 75203,40079,3972,3996,340,99,4604,962.62,46205.76,275,3425.9347601476,68.8188188188188
216,360,360,Hulcy STEAM Middle School,Choice,32.6385779658,-96.8470518156,9338 S. Polk St.,Dallas,75232,2149327400,http://www.dallasisd.org/steam,ZCTA5 75232,48768,4207,4059,479,13,2085,1042.33333333333,50032,328,3095.74978593272,80.8080808080808
217,25,25,Skyline High School,High,32.7805094495,-96.6905499175,7777 Forney Rd.,Dallas,75227,9725023400,http://www.dallasisd.org/skyline,ZCTA5 75227,49744,3870,7934,770,35,4591,939.275862068965,45085.2413793103,572,2356.64802120141,72.0947819510966
218,9,9,Lincoln High School,High,32.7548027086,-96.7496989027,2826 Hatcher St.,Dallas,75215,9729257600,http://www.dallasisd.org/lincoln,ZCTA5 75215,32077,2523,4759,504,69,3713,1018.03125,48865.5,433,2361.84223776224,90.985501155705
219,306,306,Solar Preparatory STEAM School for Girls,Choice,32.8167680808,-96.7813190021,2617 N. Henderson Ave.,Dallas,75206,9727494300,http://www.dallasisd.org/solarprep,ZCTA5 75206,79468,4022,14844,783,229,21098,1553.75409836066,74580.1967213115,307,3255.77133986928,20.6817569388305
220,802,802,Lewis Social Justice Academy,Magnet,32.7162962741,-96.7909683622,2001 E. Kiest Blvd.,Dallas,75216,9729258500,http://www.dallasisd.org/owholmes,ZCTA5 75216,31063,2551,9318,699,33,4216,954.620689655173,45821.7931034483,752,2382.64582109479,80.7040137368534
221,830,830,"Starks Math, Science, and Technology Vanguard Elementary School",Magnet,32.7217663084,-96.7740982492,3033 Tips Blvd.,Dallas,75216,9725028800,http://www.dallasisd.org/starks,ZCTA5 75216,31063,2551,9318,699,33,4216,954.620689655173,45821.7931034483,752,2382.64582109479,80.7040137368534
222,381,381,Obama Male Leadership Academy,Magnet,32.691856683,-96.7648941545,3030 Stag Rd.,Dallas,75241,9727492100,http://www.dallasisd.org/obama,ZCTA5 75241,38792,3242,4042,427,11,2233,931,44688,455,2550.79947019868,112.568035625928
223,26,26,School of Science and Engineering,Magnet,32.7525579264,-96.8071708605,1201 E. Eighth St.,Dallas,75203,9729255900,http://www.dallasisd.org/semagnet,ZCTA5 75203,40079,3972,3996,340,99,4604,962.62,46205.76,275,3425.9347601476,68.8188188188188
224,33,33,Marvin E. Robinson School of Business and Management,Magnet,32.7525579264,-96.8071708605,1201 E. Eighth St.,Dallas,75203,9729255900,http://www.dallasisd.org/businessmagnet,ZCTA5 75203,40079,3972,3996,340,99,4604,962.62,46205.76,275,3425.9347601476,68.8188188188188
225,36,36,School of Health Professions,Magnet,32.7525579264,-96.8071708605,1201 E. Eighth St.,Dallas,75203,9729255900,http://www.dallasisd.org/healthmagnet,ZCTA5 75203,40079,3972,3996,340,99,4604,962.62,46205.76,275,3425.9347601476,68.8188188188188
226,37,37,Rosie M. Collins Sorrells School of Education and Socal Services,Magnet,32.7525579264,-96.8071708605,1201 E. Eighth St.,Dallas,75203,9729255900,http://www.dallasisd.org/essm,ZCTA5 75203,40079,3972,3996,340,99,4604,962.62,46205.76,275,3425.9347601476,68.8188188188188
227,38,38,Judge Barefoot Sanders Law Magnet,Magnet,32.7525579264,-96.8071708605,1201 E. Eighth St.,Dallas,75203,9729255900,http://www.dallasisd.org/lawmagnet,ZCTA5 75203,40079,3972,3996,340,99,4604,962.62,46205.76,275,3425.9347601476,68.8188188188188
228,39,39,School for the Talented and Gifted,Magnet,32.7525579264,-96.8071708605,1201 E. Eighth St.,Dallas,75203,9729255900,http://www.dallasisd.org/tagmagnet,ZCTA5 75203,40079,3972,3996,340,99,4604,962.62,46205.76,275,3425.9347601476,68.8188188188188
229,206,206,Sanger Preparatory School,Elementary,32.8134597978,-96.7094320584,8410 San Leandro Dr.,Dallas,75218,9727497600,http://www.dallasisd.org/sanger,ZCTA5 75218,95500,11196,3443,326,12,2490,1309.1,62836.8,122,2241.14827868852,35.4342143479524
230,263,263,Starks Elementary School,Elementary,32.7217663084,-96.7740982492,3033 Tips Blvd.,Dallas,75216,9725028800,http://www.dallasisd.org/starks,ZCTA5 75216,31063,2551,9318,699,33,4216,954.620689655173,45821.7931034483,752,2382.64582109479,80.7040137368534
231,51,51,Lewis Middle School,Middle,32.7162962741,-96.7909683622,2001 E. Kiest Blvd.,Dallas,75216,9729258500,http://www.dallasisd.org/owholmes,ZCTA5 75216,31063,2551,9318,699,33,4216,954.620689655173,45821.7931034483,752,2382.64582109479,80.7040137368534
232,383,383,CityLab High School,Choice,32.7751728934,-96.7934092034,912 S. Ervay St.,Dallas,75201,9727492702,http://www.dallasisd.org/citylabhs,ZCTA5 75201,95907,8997,9969,662,63,15407,2267.6862745098,108848.941176471,534,3831.70046816479,53.5660547697863
233,273,273,Pleasant Grove Elementary School,Elementary,32.7384626476,-96.6556628761,1614 N. St. Augustine Rd.,Dallas,75217,9728925000,http://www.dallasisd.org/pleasantgrove,ZCTA5 75217,44384,2417,10066,817,34,4458,966.076923076923,46371.6923076923,429,2454.56117370892,42.6187164712895
234,300,300,Arlington Park Early Childhood Center,Magnet,32.8152806315,-96.8525233744,5606 Wayside Dr.,Dallas,75235,9727495500,http://www.dallasisd.org/arlingtonparkec,ZCTA5 75235,49805,6926,6659,630,44,7701,1535.15625,73687.5,237,3890.41227848101,35.5909295690044
235,387,387,North Lake Early College High School,Magnet,32.8716698748,-96.9671046172,5001 N. MacArthur Blvd,Irving,75038,9729255481,https://www.dallasisd.org/northlakecollegiate,ZCTA5 75038,64678,4600,11110,1052,43,11143,1341.30952380952,64382.8571428572,771,2320.40383507853,69.3969396939694
236,501,501,Career Institute South,Magnet,32.6923751921,-96.8260786227,4949 Village Fair Dr.,Dallas,75224,9729258922,http://www.dallasisd.org/careerinstitutes,ZCTA5 75224,46137,4473,5767,594,28,3332,1024.04,49153.92,356,2467.85963380282,61.7305358071788
237,312,312,Johnson STEM Academy,Elementary,32.5907835967,-96.6764787009,201 S. Goode Rd.,Wilmer,75172,9729251900,http://www.dallasisd.org/johnson,ZCTA5 75172,57895,16370,696,231,4,952,860,41280,178,1497.79702247191,255.747126436782
238,361,361,Downtown Montessori at Ida B. Wells Academy,Choice,32.781765461,-96.7954952675,1901 Main St.,Dallas,75201,9727492500,http://www.dallasisd.org/downtownmontessori,ZCTA5 75201,95907,8997,9969,662,63,15407,2267.6862745098,108848.941176471,534,3831.70046816479,53.5660547697863
239,500,500,Career Institute North,Magnet,32.9325470452,-96.8382140889,13400 Midway Rd.,Farmers Branch,75244,9729258972,http://www.dallasisd.org/careerinstitutes,ZCTA5 75244,100485,10970,2875,283,18,4750,1984.15384615385,95239.3846153846,249,2255.90240963855,86.6086956521739
240,502,502,Career Institute East,Magnet,32.7558506241,-96.7512456436,2826 Elsie Faye Heggins St.,Dallas,75215,9729257600,http://www.dallasisd.org/careerinstitutes,ZCTA5 75215,32077,2523,4759,504,69,3713,1018.03125,48865.5,433,2361.84223776224,90.985501155705
241,307,307,H.S. Thompson Elementary School,Elementary,32.7455312984,-96.7526593538,5700 Bexar St.,Dallas,75215,9729253700,http://www.dallasisd.org/thompson,ZCTA5 75215,32077,2523,4759,504,69,3713,1018.03125,48865.5,433,2361.84223776224,90.985501155705
242,388,388,Haynes Global Preparatory Academy at Paul Quinn College,Choice,32.6780929066,-96.755624884,3837 Simpson Stuart Rd.,Dallas,75241,9727493300,http://www.dallasisd.org/quinnglobal,ZCTA5 75241,38792,3242,4042,427,11,2233,931,44688,455,2550.79947019868,112.568035625928
243,340,340,Dallas Hybrid Preparatory at Stephen J. Hay,Choice,32.8211169183,-96.8098551974,3801 Herschel Ave.,Dallas,75219,9727492800,http://www.dallasisd.org/hybridschool,ZCTA5 75219,81205,9493,11005,805,178,15179,1773.67647058824,85136.4705882353,345,3673.01702941177,31.3493866424353
244,322,322,Prestonwood Montessori at E. D. Walker,Magnet,32.9193928343,-96.809889233,12532 Nuestra Dr.,Dallas,75230,9729258972,http://www.dallasisd.org/walkermontessori,ZCTA5 75230,105045,6577,4905,572,18,4474,1353.64705882353,64975.0588235294,191,2598.52643979058,38.9398572884811
245,318,318,West Dallas STEM School,Choice,32.7812614319,-96.8586334638,2200 Dennison St.,Dallas,75212,9725022700,http://www.dallasisd.org/westdallasstem,ZCTA5 75212,42115,4419,3799,392,11,3348,1359.25,65244,163,2567.1436196319,42.9060279020795
246,318,318,West Dallas STEM School,Middle,32.7812614319,-96.8586334638,2200 Dennison St.,Dallas,75212,9725022700,http://www.dallasisd.org/westdallasstem,ZCTA5 75212,42115,4419,3799,392,11,3348,1359.25,65244,163,2567.1436196319,42.9060279020795
247,554,554,iLearn Virtual Academy,Choice,32.7912507683,-96.7732683978,408 N. Haskell Ave,Dallas,75243,9729253700,http://www.dallasisd.org/ilearn,ZCTA5 75243,43673,2073,20884,914,73,18139,1145.921875,55004.25,2435,2520.41820766378,116.596437464087
248,371,371,Biomedical Preparatory,Choice,32.8252783864,-96.8465588161,6516 Forest Park Rd,Dallas,75235,9727495900,http://www.dallasisd.org/biomedicalprep,ZCTA5 75235,49805,6926,6659,630,44,7701,1535.15625,73687.5,237,3890.41227848101,35.5909295690044
249,250,250,Young Jr. Elementary School,Elementary,32.6962803492,-96.7858796584,4601 Veterans Dr.,Dallas,75216,9727492000,http://www.dallasisd.org/young,ZCTA5 75216,31063,2551,9318,699,33,4216,954.620689655173,45821.7931034483,752,2382.64582109479,80.7040137368534
250,191,191,Pease Elementary School,Elementary,32.6979978088,-96.7726417796,2914 Cummings St.,Dallas,75216,2149323800,http://www.dallasisd.org/pease,ZCTA5 75216,31063,2551,9318,699,33,4216,954.620689655173,45821.7931034483,752,2382.64582109479,80.7040137368534
